"recipeId","title","status","reason","ruleStatus"
"garnish_recipe_fa_95_0962d2a9","آبگوشت قنبید","NOT_RULED_NEEDS_RESEARCH","No source-backed rule yet.","NEEDS_RESEARCH"
"garnish_recipe_fa_168_8b2d9b86","آبگوشت متنجنه کرمانی","NOT_RULED_NEEDS_RESEARCH","No source-backed rule yet.","NEEDS_RESEARCH"
"garnish_recipe_fa_94_78034c8a","آبگوشت کشک","NOT_RULED_NEEDS_RESEARCH","No source-backed rule yet.","NEEDS_RESEARCH"
"garnish_recipe_fa_148_554e136f","آش انار","NOT_RULED_NEEDS_RESEARCH","No source-backed rule yet.","NEEDS_RESEARCH"
"garnish_recipe_fa_147_3b1b07c5","آش جو","NOT_RULED_NEEDS_RESEARCH","No source-backed rule yet.","NEEDS_RESEARCH"
"garnish_recipe_fa_79_792d1196","آش دندونی","NOT_RULED_NEEDS_RESEARCH","No source-backed rule yet.","NEEDS_RESEARCH"
"garnish_recipe_fa_1235_f91ccc6d","آش دوغ","NOT_RULED_NEEDS_RESEARCH","No source-backed rule yet.","NEEDS_RESEARCH"
"garnish_recipe_fa_1208_434b3a9a","آش رشته","NOT_RULED_NEEDS_RESEARCH","Tier 1 canonical dish needs source-backed rule.","NEEDS_RESEARCH"
"garnish_recipe_fa_77_3adf94d4","آش سبزی شیرازی","NOT_RULED_NEEDS_RESEARCH","No source-backed rule yet.","NEEDS_RESEARCH"
"garnish_recipe_fa_1237_3dff9aba","آش شله قلمکار","NOT_RULED_NEEDS_RESEARCH","No source-backed rule yet.","NEEDS_RESEARCH"
"garnish_recipe_fa_870_d37ad654","آلبالو پلو با مرغ یا گوشت","NOT_RULED_NEEDS_RESEARCH","No source-backed rule yet.","NEEDS_RESEARCH"
"garnish_recipe_intl_095_c9024579","آوگولمونو","NOT_RULED_NEEDS_RESEARCH","No source-backed rule yet.","NEEDS_RESEARCH"
"garnish_recipe_intl_112_cb59927d","اتن مس","NOT_RULED_NEEDS_RESEARCH","No source-backed rule yet.","NEEDS_RESEARCH"
"garnish_recipe_intl_028_ecdcc65f","استامپوت (پوره سیب‌زمینی و کلم ترش)","NOT_RULED_NEEDS_RESEARCH","No source-backed rule yet.","NEEDS_RESEARCH"
"garnish_recipe_fa_868_c97331a5","استانبولی پلو بدون گوشت","NOT_RULED_NEEDS_RESEARCH","No source-backed rule yet.","NEEDS_RESEARCH"
"garnish_recipe_intl_123_e8fa3267","اسپاگتی آل لیمونه","NOT_RULED_NEEDS_RESEARCH","No source-backed rule yet.","NEEDS_RESEARCH"
"garnish_recipe_intl_062_ce31c267","اسپاگتی سیر و روغن","NOT_RULED_NEEDS_RESEARCH","No source-backed rule yet.","NEEDS_RESEARCH"
"garnish_recipe_intl_069_b980b37b","اشترودل سیب","NOT_RULED_NEEDS_RESEARCH","No source-backed rule yet.","NEEDS_RESEARCH"
"garnish_recipe_fa_1334_8963bd85","اشترودل گوشت","NOT_RULED_NEEDS_RESEARCH","No source-backed rule yet.","NEEDS_RESEARCH"
"garnish_recipe_fa_1072_b55bdfe7","اشکنه","NOT_RULED_NEEDS_RESEARCH","No source-backed rule yet.","NEEDS_RESEARCH"
"garnish_recipe_intl_012_46d4828e","امام بایلدی","NOT_RULED_NEEDS_RESEARCH","No source-backed rule yet.","NEEDS_RESEARCH"
"garnish_recipe_fa_121_b6f01192","املت رب","NOT_RULED_NEEDS_RESEARCH","No source-backed rule yet.","NEEDS_RESEARCH"
"garnish_recipe_fa_113_2a1debd0","انارپلو شیرازی","NOT_RULED_NEEDS_RESEARCH","No source-backed rule yet.","NEEDS_RESEARCH"
"garnish_recipe_intl_033_8acac046","بادمجان پارمیجانا","NOT_RULED_NEEDS_RESEARCH","No source-backed rule yet.","NEEDS_RESEARCH"
"garnish_recipe_fa_862_dbf3d4d5","باقالی پلو با گوشت","NOT_RULED_NEEDS_RESEARCH","Tier 1 canonical dish needs source-backed rule.","NEEDS_RESEARCH"
"garnish_recipe_fa_1224_c65df148","باقلاقاتُق","NOT_RULED_NEEDS_RESEARCH","No source-backed rule yet.","NEEDS_RESEARCH"
"garnish_recipe_intl_078_c3975f3a","باقلوا","NOT_RULED_NEEDS_RESEARCH","No source-backed rule yet.","NEEDS_RESEARCH"
"garnish_recipe_fa_90_85d9aaf0","بریانی اصفهان","NOT_RULED_NEEDS_RESEARCH","Tier 1 canonical dish needs source-backed rule.","NEEDS_RESEARCH"
"garnish_recipe_fa_96_730b7817","بزقرمه کرمانی","NOT_RULED_NEEDS_RESEARCH","Tier 1 canonical dish needs source-backed rule.","NEEDS_RESEARCH"
"garnish_recipe_intl_066_d22397d4","بورش","NOT_RULED_NEEDS_RESEARCH","No source-backed rule yet.","NEEDS_RESEARCH"
"garnish_recipe_intl_124_ee006e03","بیستکا آلا فیورنتینا","NOT_RULED_NEEDS_RESEARCH","No source-backed rule yet.","NEEDS_RESEARCH"
"garnish_recipe_intl_065_d91803a7","بیف استروگانف","NOT_RULED_NEEDS_RESEARCH","No source-backed rule yet.","NEEDS_RESEARCH"
"garnish_recipe_intl_140_e00e3df2","تارتا د سانتیاگو","NOT_RULED_NEEDS_RESEARCH","No source-backed rule yet.","NEEDS_RESEARCH"
"garnish_recipe_fa_1276_cdef73d2","تاس‌کباب","NOT_RULED_NEEDS_RESEARCH","Tier 1 canonical dish needs source-backed rule.","NEEDS_RESEARCH"
"garnish_recipe_intl_009_ab044ed1","تبوله","NOT_RULED_NEEDS_RESEARCH","No source-backed rule yet.","NEEDS_RESEARCH"
"garnish_recipe_fa_1084_8f35205e","ته چین مرغ","NOT_RULED_NEEDS_RESEARCH","No source-backed rule yet.","NEEDS_RESEARCH"
"garnish_recipe_fa_115_ba80ef7c","ته‌انداز مرغ","NOT_RULED_NEEDS_RESEARCH","No source-backed rule yet.","NEEDS_RESEARCH"
"garnish_recipe_fa_164_8367ec24","ته‌چین گوشت و بادمجان","NOT_RULED_NEEDS_RESEARCH","No source-backed rule yet.","NEEDS_RESEARCH"
"garnish_recipe_intl_111_248a08a4","تود این د هول","NOT_RULED_NEEDS_RESEARCH","No source-backed rule yet.","NEEDS_RESEARCH"
"garnish_recipe_intl_022_ac4d3143","تورتیای اسپانیایی","NOT_RULED_NEEDS_RESEARCH","No source-backed rule yet.","NEEDS_RESEARCH"
"garnish_recipe_intl_031_7e902faf","تیرامیسو","NOT_RULED_NEEDS_RESEARCH","No source-backed rule yet.","NEEDS_RESEARCH"
"garnish_recipe_fa_216_1bfdfe55","جوجه کباب زعفرانی","NOT_RULED_NEEDS_RESEARCH","Tier 1 canonical dish needs source-backed rule.","NEEDS_RESEARCH"
"garnish_recipe_fa_1290_f5fc285f","حلیم بادمجان","NOT_RULED_NEEDS_RESEARCH","No source-backed rule yet.","NEEDS_RESEARCH"
"garnish_recipe_fa_1238_296fbec3","حلیم گندم","NOT_RULED_NEEDS_RESEARCH","No source-backed rule yet.","NEEDS_RESEARCH"
"garnish_recipe_fa_2014_249aa268","خمیر پیتزا ایتالیایی","NOT_RULED_NEEDS_RESEARCH","No source-backed rule yet.","NEEDS_RESEARCH"
"garnish_recipe_fa_1343_5bf8151c","خوراک مرغ و قارچ","NOT_RULED_NEEDS_RESEARCH","No source-backed rule yet.","NEEDS_RESEARCH"
"garnish_recipe_fa_101_877a41d3","خورش آلو","NOT_RULED_NEEDS_RESEARCH","No source-backed rule yet.","NEEDS_RESEARCH"
"garnish_recipe_intl_098_0fbf4374","خورش ایرلندی","NOT_RULED_NEEDS_RESEARCH","No source-backed rule yet.","NEEDS_RESEARCH"
"garnish_recipe_fa_190_49162ac2","خورش مرغ قیسی","NOT_RULED_NEEDS_RESEARCH","No source-backed rule yet.","NEEDS_RESEARCH"
"garnish_recipe_fa_1251_3f83f105","خورشت بادمجان","NOT_RULED_NEEDS_RESEARCH","No source-backed rule yet.","NEEDS_RESEARCH"
"garnish_recipe_fa_99_14f1018b","خورشت ریواس","NOT_RULED_NEEDS_RESEARCH","No source-backed rule yet.","NEEDS_RESEARCH"
"garnish_recipe_fa_228_09a631f3","خورشت فسنجان","NOT_RULED_NEEDS_RESEARCH","Tier 1 canonical dish needs source-backed rule.","NEEDS_RESEARCH"
"garnish_recipe_fa_224_c9d0355d","خورشت قرمه‌سبزی","NOT_RULED_NEEDS_RESEARCH","Tier 1 canonical dish needs source-backed rule.","NEEDS_RESEARCH"
"garnish_recipe_fa_98_601bddc6","خورشت هویج تبریزی","NOT_RULED_NEEDS_RESEARCH","No source-backed rule yet.","NEEDS_RESEARCH"
"garnish_recipe_fa_1261_99e02971","دمپختک (ماش‌پلو تهرانی)","NOT_RULED_NEEDS_RESEARCH","No source-backed rule yet.","NEEDS_RESEARCH"
"garnish_recipe_fa_230_332dd922","دیزی (آبگوشت)","NOT_RULED_NEEDS_RESEARCH","No source-backed rule yet.","NEEDS_RESEARCH"
"garnish_recipe_fa_1280_13a22528","رشته‌پلو شیرازی","NOT_RULED_NEEDS_RESEARCH","No source-backed rule yet.","NEEDS_RESEARCH"
"garnish_recipe_fa_878_85458912","زرشک پلو با مرغ","NOT_RULED_NEEDS_RESEARCH","Tier 1 canonical dish needs source-backed rule.","NEEDS_RESEARCH"
"garnish_recipe_fa_1272_b3180a59","زیره‌پلو کرمانی","NOT_RULED_NEEDS_RESEARCH","No source-backed rule yet.","NEEDS_RESEARCH"
"garnish_recipe_fa_1816_dec0afbb","سوپ شیر","NOT_RULED_NEEDS_RESEARCH","No source-backed rule yet.","NEEDS_RESEARCH"
"garnish_recipe_intl_046_0c90256b","سوپ عدس قرمز ترکی","NOT_RULED_NEEDS_RESEARCH","No source-backed rule yet.","NEEDS_RESEARCH"
"garnish_recipe_intl_014_33ae62d8","سوپ میسو","NOT_RULED_NEEDS_RESEARCH","No source-backed rule yet.","NEEDS_RESEARCH"
"garnish_recipe_intl_032_a150e5b1","سوپ مینسترونه","NOT_RULED_NEEDS_RESEARCH","No source-backed rule yet.","NEEDS_RESEARCH"
"garnish_recipe_intl_021_6914ecb7","سوپ پیاز فرانسوی","NOT_RULED_NEEDS_RESEARCH","No source-backed rule yet.","NEEDS_RESEARCH"
"garnish_recipe_fa_1767_4e6ed616","شامی کباب لرستانی","NOT_RULED_NEEDS_RESEARCH","Tier 1 canonical dish needs source-backed rule.","NEEDS_RESEARCH"
"garnish_recipe_fa_154_cdfcadf7","شله مشهدی","NOT_RULED_NEEDS_RESEARCH","No source-backed rule yet.","NEEDS_RESEARCH"
"garnish_recipe_fa_1250_cb9a971c","شیرین‌پلو (مرصع‌پلو)","NOT_RULED_NEEDS_RESEARCH","No source-backed rule yet.","NEEDS_RESEARCH"
"garnish_recipe_fa_864_37673192","عدس‌پلو با گوشت","NOT_RULED_NEEDS_RESEARCH","No source-backed rule yet.","NEEDS_RESEARCH"
"garnish_recipe_intl_128_22442750","فته","NOT_RULED_NEEDS_RESEARCH","No source-backed rule yet.","NEEDS_RESEARCH"
"garnish_recipe_fa_129_5d8a7866","قنبرپلو شیرازی","NOT_RULED_NEEDS_RESEARCH","No source-backed rule yet.","NEEDS_RESEARCH"
"garnish_recipe_fa_2054_be491f02","قیمه سیب زمینی","NOT_RULED_NEEDS_RESEARCH","Tier 1 canonical dish needs source-backed rule.","NEEDS_RESEARCH"
"garnish_recipe_fa_1239_1be04a64","قیمه نثار","NOT_RULED_NEEDS_RESEARCH","Tier 1 canonical dish needs source-backed rule.","NEEDS_RESEARCH"
"garnish_recipe_fa_1323_cf6bcb5c","لازانیا","NOT_RULED_NEEDS_RESEARCH","No source-backed rule yet.","NEEDS_RESEARCH"
"garnish_recipe_fa_866_9986ddf5","لوبیا پلو با گوشت چرخ‌کرده","NOT_RULED_NEEDS_RESEARCH","No source-backed rule yet.","NEEDS_RESEARCH"
"garnish_recipe_intl_025_b9bdfd91","ماهی و چیپس","NOT_RULED_NEEDS_RESEARCH","No source-backed rule yet.","NEEDS_RESEARCH"
"garnish_recipe_fa_1195_4b547f19","ماکارونی","NOT_RULED_NEEDS_RESEARCH","No source-backed rule yet.","NEEDS_RESEARCH"
"garnish_recipe_fa_1296_5d4fca2c","مرغ ترش گیلانی","NOT_RULED_NEEDS_RESEARCH","No source-backed rule yet.","NEEDS_RESEARCH"
"garnish_recipe_fa_1333_db68905d","مرغ سوخاری","NOT_RULED_NEEDS_RESEARCH","No source-backed rule yet.","NEEDS_RESEARCH"
"garnish_recipe_intl_101_b76754a7","مرغ پیری‌پیری","NOT_RULED_NEEDS_RESEARCH","No source-backed rule yet.","NEEDS_RESEARCH"
"garnish_recipe_intl_127_65e78281","مقلوبه","NOT_RULED_NEEDS_RESEARCH","No source-backed rule yet.","NEEDS_RESEARCH"
"garnish_recipe_fa_1225_159208a2","میرزا قاسمی","NOT_RULED_NEEDS_RESEARCH","Tier 1 canonical dish needs source-backed rule.","NEEDS_RESEARCH"
"garnish_recipe_fa_103_066b318c","واویشکا","NOT_RULED_NEEDS_RESEARCH","No source-backed rule yet.","NEEDS_RESEARCH"
"garnish_recipe_intl_091_7dcadc00","پاستا آلا آرابیاتا","NOT_RULED_NEEDS_RESEARCH","No source-backed rule yet.","NEEDS_RESEARCH"
"garnish_recipe_intl_092_3046ff5e","پاستا آلا نورما","NOT_RULED_NEEDS_RESEARCH","No source-backed rule yet.","NEEDS_RESEARCH"
"garnish_recipe_fa_2103_d26d79d5","پاستا آلفردو","NOT_RULED_NEEDS_RESEARCH","No source-backed rule yet.","NEEDS_RESEARCH"
"garnish_recipe_intl_094_a48d62c1","پاستا ای فاجولی","NOT_RULED_NEEDS_RESEARCH","No source-backed rule yet.","NEEDS_RESEARCH"
"garnish_recipe_fa_2064_b5a2a37a","پاستا پستو","NOT_RULED_NEEDS_RESEARCH","No source-backed rule yet.","NEEDS_RESEARCH"
"garnish_recipe_intl_068_c9d33098","پاستل د ناتا","NOT_RULED_NEEDS_RESEARCH","No source-backed rule yet.","NEEDS_RESEARCH"
"garnish_recipe_intl_063_30b082f3","پانا کوتا","NOT_RULED_NEEDS_RESEARCH","No source-backed rule yet.","NEEDS_RESEARCH"
"garnish_recipe_intl_087_afad4d60","پایلا","NOT_RULED_NEEDS_RESEARCH","Tier 1 canonical dish needs source-backed rule.","NEEDS_RESEARCH"
"garnish_recipe_intl_086_a2184266","پروفیترول","NOT_RULED_NEEDS_RESEARCH","No source-backed rule yet.","NEEDS_RESEARCH"
"garnish_recipe_intl_061_0bfbb206","پلنتا با قارچ","NOT_RULED_NEEDS_RESEARCH","No source-backed rule yet.","NEEDS_RESEARCH"
"garnish_recipe_intl_136_76743d5b","پوت‌او‌فو","NOT_RULED_NEEDS_RESEARCH","No source-backed rule yet.","NEEDS_RESEARCH"
"garnish_recipe_intl_052_a57a621f","پودینگ تافی خرما","NOT_RULED_NEEDS_RESEARCH","No source-backed rule yet.","NEEDS_RESEARCH"
"garnish_recipe_intl_118_9ecd21c7","پویو آل آخیو","NOT_RULED_NEEDS_RESEARCH","No source-backed rule yet.","NEEDS_RESEARCH"
"garnish_recipe_intl_040_7d7b90a1","پیروگی لهستانی","NOT_RULED_NEEDS_RESEARCH","No source-backed rule yet.","NEEDS_RESEARCH"
"garnish_recipe_fa_197_dbaa9b9a","چلو ماهیچه","NOT_RULED_NEEDS_RESEARCH","No source-backed rule yet.","NEEDS_RESEARCH"
"garnish_recipe_fa_235_3d02f3ae","چلو کباب کوبیده","NOT_RULED_NEEDS_RESEARCH","Tier 1 canonical dish needs source-backed rule.","NEEDS_RESEARCH"
"garnish_recipe_fa_1263_0e8a8255","کاله‌جوش (کله‌جوش)","NOT_RULED_NEEDS_RESEARCH","No source-backed rule yet.","NEEDS_RESEARCH"
"garnish_recipe_fa_86_ffcd0713","کباب بناب","NOT_RULED_NEEDS_RESEARCH","Tier 1 canonical dish needs source-backed rule.","NEEDS_RESEARCH"
"garnish_recipe_fa_1197_73204fa8","کباب تابه‌ای مرغ","NOT_RULED_NEEDS_RESEARCH","Tier 1 canonical dish needs source-backed rule.","NEEDS_RESEARCH"
"garnish_recipe_fa_1196_6cbbd3af","کباب تابه‌ای گوشت","NOT_RULED_NEEDS_RESEARCH","Tier 1 canonical dish needs source-backed rule.","NEEDS_RESEARCH"
"garnish_recipe_fa_1071_6e0696a6","کتلت گوشت","NOT_RULED_NEEDS_RESEARCH","No source-backed rule yet.","NEEDS_RESEARCH"
"garnish_recipe_fa_111_4cb37a1a","کته شمالی","NOT_RULED_NEEDS_RESEARCH","No source-backed rule yet.","NEEDS_RESEARCH"
"garnish_recipe_fa_112_9764d4aa","کدو پلو مازندرانی","NOT_RULED_NEEDS_RESEARCH","No source-backed rule yet.","NEEDS_RESEARCH"
"garnish_recipe_intl_053_54c002d0","کرم بروله","NOT_RULED_NEEDS_RESEARCH","No source-backed rule yet.","NEEDS_RESEARCH"
"garnish_recipe_fa_1743_005c3739","کشک بادمجان","NOT_RULED_NEEDS_RESEARCH","Tier 1 canonical dish needs source-backed rule.","NEEDS_RESEARCH"
"garnish_recipe_fa_1528_32041352","کله پاچه","NOT_RULED_NEEDS_RESEARCH","No source-backed rule yet.","NEEDS_RESEARCH"
"garnish_recipe_fa_139_012333bd","کوفته برنجی","NOT_RULED_NEEDS_RESEARCH","No source-backed rule yet.","NEEDS_RESEARCH"
"garnish_recipe_fa_880_6164abab","کوفته تبریزی","NOT_RULED_NEEDS_RESEARCH","No source-backed rule yet.","NEEDS_RESEARCH"
"garnish_recipe_intl_038_16764713","کوفته سوئدی","NOT_RULED_NEEDS_RESEARCH","No source-backed rule yet.","NEEDS_RESEARCH"
"garnish_recipe_intl_077_40b61937","کوفتهٔ ترکی","NOT_RULED_NEEDS_RESEARCH","No source-backed rule yet.","NEEDS_RESEARCH"
"garnish_recipe_intl_120_ae775732","کونیگسبرگر کلوپسه","NOT_RULED_NEEDS_RESEARCH","No source-backed rule yet.","NEEDS_RESEARCH"
"garnish_recipe_fa_134_34e1816f","کوکو بادمجان","NOT_RULED_NEEDS_RESEARCH","No source-backed rule yet.","NEEDS_RESEARCH"
"garnish_recipe_fa_2049_765e338a","کوکو سبزی","NOT_RULED_NEEDS_RESEARCH","No source-backed rule yet.","NEEDS_RESEARCH"
"garnish_recipe_fa_1270_70cc3cff","یتیمچه","NOT_RULED_NEEDS_RESEARCH","No source-backed rule yet.","NEEDS_RESEARCH"
