"recipeId","slug","title","ingredients","steps","grisComplete","unresolved","duplicatePublic","copyResidue","status"
"meze50_01_olive-feta-garlic-dip","olive-feta-garlic-dip","دیپ فتا و زیتون با سیر","6","4","true","0","false","false","READY_TO_PUBLISH"
"meze50_02_whipped-feta-with-chili-honey-and-pistachio","whipped-feta-with-chili-honey-and-pistachio","فتای همزده با عسل تند و پسته","5","4","true","0","false","false","READY_TO_PUBLISH"
"meze50_03_tirokafteri-spicy-feta-spread","tirokafteri-spicy-feta-spread","تیرکافتری؛ دیپ فتای تند یونانی","5","4","true","0","false","false","READY_TO_PUBLISH"
"meze50_04_labneh-with-zaatar-and-olive-oil","labneh-with-zaatar-and-olive-oil","لبنه با زعتر و روغن زیتون","4","4","true","0","false","false","READY_TO_PUBLISH"
"meze50_05_beet-labneh-with-walnuts","beet-labneh-with-walnuts","لبنه چغندر و گردو","5","4","true","0","false","false","READY_TO_PUBLISH"
"meze50_06_muhammara-walnut-pepper-dip","muhammara-walnut-pepper-dip","محمره فلفل کبابی و گردو","5","4","true","0","false","false","READY_TO_PUBLISH"
"meze50_07_roasted-carrot-harissa-dip","roasted-carrot-harissa-dip","دیپ هویج کبابی و هریسا","5","4","true","0","false","false","READY_TO_PUBLISH"
"meze50_08_smoky-white-bean-rosemary-dip","smoky-white-bean-rosemary-dip","دیپ لوبیا سفید با رزماری","5","4","true","0","false","false","READY_TO_PUBLISH"
"meze50_09_lemon-garlic-butter-mushrooms","lemon-garlic-butter-mushrooms","قارچ کره ای سیر و لیمو","5","4","true","0","false","false","READY_TO_PUBLISH"
"meze50_10_halloumi-bites-with-honey-sesame","halloumi-bites-with-honey-sesame","مکعب های هالومی با عسل و کنجد","4","4","true","0","false","false","READY_TO_PUBLISH"
"meze50_11_crispy-feta-phyllo-bites","crispy-feta-phyllo-bites","لقمه فتا در خمیر فیلو","4","5","true","0","false","false","READY_TO_PUBLISH"
"meze50_12_feta-herb-stuffed-mini-peppers","feta-herb-stuffed-mini-peppers","فلفل مینی شکم پر با فتا و سبزی","5","5","true","0","false","false","READY_TO_PUBLISH"
"meze50_13_turkish-ezme","turkish-ezme","ازمه ترکی؛ سالسای تند سبزیجات","5","5","true","0","false","false","READY_TO_PUBLISH"
"meze50_14_haydari-yogurt-mint-dip","haydari-yogurt-mint-dip","حیدری؛ دیپ ماست و نعناع","5","5","true","0","false","false","READY_TO_PUBLISH"
"meze50_15_skordalia-garlic-potato-dip","skordalia-garlic-potato-dip","اسکوردالیا؛ دیپ سیب زمینی و سیر","4","5","true","0","false","false","READY_TO_PUBLISH"
"meze50_16_mushroom-thyme-crostini","mushroom-thyme-crostini","کروستینی قارچ و آویشن","5","5","true","0","false","false","READY_TO_PUBLISH"
"meze50_17_fried-mozzarella-bites","fried-mozzarella-bites","موتزارلای سوخاری لقمه ای","4","5","true","0","false","false","READY_TO_PUBLISH"
"meze50_18_dutch-cheese-souffle-bites","dutch-cheese-souffle-bites","کاسوفله پنیر هلندی","4","5","true","0","false","false","READY_TO_PUBLISH"
"meze50_19_chili-cheese-potato-wedges","chili-cheese-potato-wedges","قاچ سیب زمینی چیلی چیز","4","5","true","0","false","false","READY_TO_PUBLISH"
"meze50_20_buffalo-cauliflower-bites","buffalo-cauliflower-bites","گل کلم با سس بوفالو","5","5","true","0","false","false","READY_TO_PUBLISH"
"meze50_21_zaatar-crispy-chickpeas","zaatar-crispy-chickpeas","نخود برشته زعتر","4","5","true","0","false","false","READY_TO_PUBLISH"
"meze50_22_smoky-spiced-roasted-nuts","smoky-spiced-roasted-nuts","آجیل بوداده تند و دودی","5","5","true","0","false","false","READY_TO_PUBLISH"
"meze50_23_quick-cucumber-pickles","quick-cucumber-pickles","خیارشور سریع خانگی","5","5","true","0","false","false","READY_TO_PUBLISH"
"meze50_24_jalapeno-popper-bites","jalapeno-popper-bites","لقمه هالوپینو پاپر","4","5","true","0","false","false","READY_TO_PUBLISH"
"meze50_25_queso-fundido-with-mushrooms-and-peppers","queso-fundido-with-mushrooms-and-peppers","کِسو فوندیدو قارچ و فلفل","5","5","true","0","false","false","READY_TO_PUBLISH"
"meze50_26_seven-layer-bean-dip-cups","seven-layer-bean-dip-cups","دیپ لوبیای هفت لایه کوچک","5","5","true","0","false","false","READY_TO_PUBLISH"
"meze50_27_kimchi-cheese-pancake-bites","kimchi-cheese-pancake-bites","پنکیک کیمچی و پنیر لقمه ای","5","5","true","0","false","false","READY_TO_PUBLISH"
"meze50_28_gochujang-cucumber-cups","gochujang-cucumber-cups","خیار کره ای گوچوجانگ","5","5","true","0","false","false","READY_TO_PUBLISH"
"meze50_29_garlic-chili-edamame","garlic-chili-edamame","ادامامه سیر و چیلی","5","5","true","0","false","false","READY_TO_PUBLISH"
"meze50_30_thai-peanut-cucumber-cups","thai-peanut-cucumber-cups","کاپ خیار با سس بادام زمینی تایلندی","5","5","true","0","false","false","READY_TO_PUBLISH"
"meze50_31_zaatar-sumac-deviled-eggs","zaatar-sumac-deviled-eggs","تخم مرغ شیطانی زعتر و سماق","5","5","true","0","false","false","READY_TO_PUBLISH"
"meze50_32_herbed-cheese-ball-bites","herbed-cheese-ball-bites","توپک پنیر و سبزی","4","5","true","0","false","false","READY_TO_PUBLISH"
"meze50_33_chickpea-sesame-crackers","chickpea-sesame-crackers","کراکر نخود و کنجد","4","6","true","0","false","false","READY_TO_PUBLISH"
"meze50_34_crispy-onion-rings-with-yogurt-dip","crispy-onion-rings-with-yogurt-dip","پیاز حلقه ای سوخاری با سس ماست","5","6","true","0","false","false","READY_TO_PUBLISH"
"meze50_35_eggplant-nachos-with-garlic-yogurt","eggplant-nachos-with-garlic-yogurt","ناچوی بادمجان با ماست سیر","5","5","true","0","false","false","READY_TO_PUBLISH"
"meze50_36_parmesan-zucchini-chips","parmesan-zucchini-chips","چیپس کدو سبز پارمزانی","4","6","true","0","false","false","READY_TO_PUBLISH"
"meze50_37_mini-kofta-skewers-with-mint-yogurt","mini-kofta-skewers-with-mint-yogurt","کباب کوفته کوچک با ماست نعناع","5","6","true","0","false","false","READY_TO_PUBLISH"
"meze50_38_grilled-cheese-and-cherry-tomato-skewers","grilled-cheese-and-cherry-tomato-skewers","پنیر کبابی با گوجه گیلاسی","4","6","true","0","false","false","READY_TO_PUBLISH"
"meze50_39_harissa-cauliflower-florets-with-lemon-yogurt","harissa-cauliflower-florets-with-lemon-yogurt","گل کلم هریسایی با ماست لیمویی","5","6","true","0","false","false","READY_TO_PUBLISH"
"meze50_40_sweet-potato-wedges-with-lemon-tahini","sweet-potato-wedges-with-lemon-tahini","سیب زمینی شیرین با تاهینی و لیمو","5","5","true","0","false","false","READY_TO_PUBLISH"
"meze50_41_turkish-feta-herb-borek-cigars","turkish-feta-herb-borek-cigars","بورک سیگاری پنیر و سبزی","4","5","true","0","false","true","NEEDS_COPY_POLISH"
"meze50_42_corn-scallion-fritter-bites","corn-scallion-fritter-bites","فریتر ذرت و پیازچه","5","5","true","0","false","false","READY_TO_PUBLISH"
"meze50_43_lentil-kofta-lettuce-cups","lentil-kofta-lettuce-cups","لقمه کوفته عدس با کاهو","5","5","true","0","false","false","READY_TO_PUBLISH"
"meze50_44_charred-broccoli-with-lemon-tahini","charred-broccoli-with-lemon-tahini","بروکلی کبابی با سس تاهینی","6","5","true","0","false","false","READY_TO_PUBLISH"
"meze50_45_sesame-tofu-cucumber-skewers","sesame-tofu-cucumber-skewers","سیخ توفو کنجدی و خیار","5","5","true","0","false","false","READY_TO_PUBLISH"
"meze50_46_herbed-cheese-stuffed-mushrooms","herbed-cheese-stuffed-mushrooms","قارچ شکم پر پنیر و سبزی","4","5","true","0","false","false","READY_TO_PUBLISH"
"meze50_47_sumac-pita-chips-with-garlic-yogurt","sumac-pita-chips-with-garlic-yogurt","چیپس پیتا سماق و ماست سیر","5","5","true","0","false","false","READY_TO_PUBLISH"
"meze50_48_smoky-pinto-bean-salad","smoky-pinto-bean-salad","سالاد لوبیا چیتی و فلفل دودی","5","5","true","0","false","false","READY_TO_PUBLISH"
"meze50_49_mini-cheesy-chicken-taquitos","mini-cheesy-chicken-taquitos","تاکیتوی مرغ پنیری کوچک","4","5","true","0","false","false","READY_TO_PUBLISH"
"meze50_50_caramelized-onion-yogurt-dip","caramelized-onion-yogurt-dip","دیپ پیاز کاراملی و ماست یونانی","4","5","true","0","false","false","READY_TO_PUBLISH"
