capability,resource_action,OWNER,ADULT,MEMBER,GUEST_SHOPPER,MANAGED_PROFILE,PLAN_VIEWER,PLAN_REVIEWER,OUTSIDER_OR_REMOVED,condition,deny_contract,audit_event
HOUSEHOLD_READ,Read household name/status,ALLOW,ALLOW,ALLOW,CONDITIONAL,DENY,DENY,DENY,DENY,"Guest sees minimum identity only while membership and assigned session are active; managed profiles have no direct session",404,NONE
HOUSEHOLD_MANAGE,Edit household name/timezone,ALLOW,DENY,DENY,DENY,DENY,DENY,DENY,DENY,"Active household; fresh expectedVersion",404_or_409,HOUSEHOLD_UPDATED
HOUSEHOLD_ARCHIVE,Archive or restore household,ALLOW,DENY,DENY,DENY,DENY,DENY,DENY,DENY,"Fresh authentication; expectedVersion; no deletion job active",404_or_409,HOUSEHOLD_ARCHIVED_OR_RESTORED
HOUSEHOLD_DELETE,Start or cancel household deletion,ALLOW,DENY,DENY,DENY,DENY,DENY,DENY,DENY,"Fresh authentication; explicit confirmation; cooling-off policy",404_or_409,HOUSEHOLD_DELETE_REQUESTED_OR_CANCELLED
OWNER_TRANSFER,Transfer ownership,ALLOW,DENY,DENY,DENY,DENY,DENY,DENY,DENY,"Target is an active non-guest member; caller is current owner; household row locked; fresh authentication",404_or_409,OWNER_TRANSFERRED
MEMBER_LIST,Read member display profiles,ALLOW,ALLOW,ALLOW,CONDITIONAL,DENY,DENY,DENY,DENY,"Guest sees only display names needed by assigned active shopping session; sensitive fields excluded",404,NONE
MEMBER_INVITE,Create or resend invite,ALLOW,ALLOW,DENY,DENY,DENY,DENY,DENY,DENY,"Requested role cannot be owner; targetUserId or versioned target-address HMAC is mandatory; resend rotates token and revokes prior pending secret",404_or_409,INVITE_CREATED
MEMBER_INVITE_REVOKE,Revoke pending invite,ALLOW,CONDITIONAL,DENY,DENY,DENY,DENY,DENY,DENY,"Adult may revoke an invite they created; owner may revoke any invite",404,INVITE_REVOKED
MEMBER_ROLE_SET,Change adult/member/guest role,ALLOW,DENY,DENY,DENY,DENY,DENY,DENY,DENY,"Cannot set OWNER; owner transfer uses its dedicated transaction; guest requires expiry",404_or_409,MEMBER_ROLE_CHANGED
MEMBER_REMOVE,Remove a member,ALLOW,DENY,DENY,DENY,DENY,DENY,DENY,DENY,"Cannot remove owner; active target in same household; owner reauthenticated for an adult target",404_or_409,MEMBER_REMOVED
MEMBER_LEAVE,Leave household,ALLOW,ALLOW,ALLOW,ALLOW,DENY,DENY,DENY,DENY,"Owner must transfer ownership or delete household first; guest may leave before expiry",409,MEMBER_LEFT
MANAGED_PROFILE_CREATE,Create managed eater profile,ALLOW,ALLOW,DENY,DENY,DENY,DENY,DENY,DENY,"Creator becomes manager; no credentials or invite",404,MANAGED_PROFILE_CREATED
MANAGED_PROFILE_EDIT,Edit managed eater display profile,CONDITIONAL,CONDITIONAL,DENY,DENY,DENY,DENY,DENY,DENY,"Owner or adult must be the designated manager; otherwise only a separate audited manager-transfer/emergency process is allowed and grants no raw-data read",404,MANAGED_PROFILE_UPDATED
MANAGED_PROFILE_DELETE,Delete managed eater profile,CONDITIONAL,CONDITIONAL,DENY,DENY,DENY,DENY,DENY,DENY,"Owner or adult must be designated manager; separate audited manager-transfer/emergency process does not itself delete; block or reassign future attendance",404_or_409,MANAGED_PROFILE_DELETED
PRIVACY_GRANT_SELF,Grant or revoke own household data scope,ALLOW,ALLOW,ALLOW,DENY,DENY,DENY,DENY,DENY,"Caller may act only for their linked profile; grant is scope-specific and revocable",404,DATA_GRANT_CHANGED
PRIVACY_GRANT_MANAGED,Grant or revoke managed-profile data scope,CONDITIONAL,CONDITIONAL,DENY,DENY,DENY,DENY,DENY,DENY,"Owner or adult must be designated profile manager; owner has no implicit right; manager transfer is a separate audited process",404,DATA_GRANT_CHANGED
PRIVATE_PROFILE_READ,Read raw allergies health goals private notes or nutrition history,CONDITIONAL,CONDITIONAL,CONDITIONAL,DENY,DENY,DENY,DENY,DENY,"Only the data subject reads their own raw data; a managed profile's manager reads its raw data; OWNER role alone grants nothing",404_or_redacted,PRIVATE_DATA_ACCESSED
SAFETY_CONSTRAINT_USE,Use allergy/diet constraint in server-side filtering,CONDITIONAL,CONDITIONAL,CONDITIONAL,DENY,DENY,DENY,DENY,DENY,"Active ALLERGY_SAFETY_USE or DIETARY_CONSTRAINT_USE grant; return outcome without raw value",redacted,NONE
ACTIVITY_READ,Read household activity timeline,ALLOW,ALLOW,ALLOW,CONDITIONAL,DENY,DENY,CONDITIONAL,DENY,"Household members receive sensitivity-filtered events; guest only assigned-session events; reviewer only events explicitly part of shared review",404,NONE
SECURITY_AUDIT_READ,Read security-grade household audit,ALLOW,DENY,DENY,DENY,DENY,DENY,DENY,DENY,"Owner only; fields redacted and retention bounded",404,SECURITY_AUDIT_VIEWED
PANTRY_READ,Read shared pantry,ALLOW,ALLOW,ALLOW,DENY,DENY,DENY,DENY,DENY,"Active household; household pantry only",404,NONE
PANTRY_WRITE,Add edit archive shared pantry item,ALLOW,ALLOW,ALLOW,DENY,DENY,DENY,DENY,DENY,"ExpectedVersion and semantic-key uniqueness; no receipt auto-apply",404_or_409,PANTRY_ITEM_CHANGED
SHOPPING_READ,Read shared shopping list/items,ALLOW,ALLOW,ALLOW,CONDITIONAL,DENY,DENY,DENY,DENY,"Guest must be assigned to active list/session and unexpired",404,NONE
SHOPPING_WRITE,Add edit or remove shopping item,ALLOW,ALLOW,ALLOW,CONDITIONAL,DENY,DENY,DENY,DENY,"Guest is limited to assigned list during active membership/session; expectedVersion; actor profile must be allowed",404_or_409,SHOPPING_ITEM_CHANGED
SHOPPING_ASSIGN,Assign item to shopper,ALLOW,ALLOW,ALLOW,CONDITIONAL,DENY,DENY,DENY,DENY,"Assignee is active member; guest may claim or release self only",404_or_409,SHOPPING_ITEM_ASSIGNED
SHOPPING_SESSION_START,Start shopping session,ALLOW,ALLOW,ALLOW,DENY,DENY,DENY,DENY,DENY,"One active session per list; explicit user action; no location tracking",404_or_409,SHOPPING_SESSION_STARTED
SHOPPING_SESSION_PARTICIPATE,Claim mark in-cart bought or unavailable,ALLOW,ALLOW,ALLOW,CONDITIONAL,DENY,DENY,DENY,DENY,"Guest assigned to the active session; status transition allowlist and expectedVersion",404_or_409,SHOPPING_ITEM_STATUS_CHANGED
SHOPPING_SESSION_END,Complete or cancel shopping session,ALLOW,ALLOW,CONDITIONAL,CONDITIONAL,DENY,DENY,DENY,DENY,"Member or guest may end only a session they started; owner/adult may end any stale session",404_or_409,SHOPPING_SESSION_ENDED
SHOPPING_DECISION_CREATE,Request unavailable/substitution decision,ALLOW,ALLOW,ALLOW,CONDITIONAL,DENY,DENY,DENY,DENY,"Guest assigned to active session; item in compatible state",404_or_409,SHOPPING_DECISION_REQUESTED
SHOPPING_DECISION_RESOLVE,Approve reject or choose substitution,ALLOW,ALLOW,ALLOW,CONDITIONAL,DENY,DENY,DENY,DENY,"Decision open/unexpired; guest may resolve only if requester explicitly delegated and policy allows; first CAS wins",404_or_409,SHOPPING_DECISION_RESOLVED
SHOPPING_ATTACHMENT_UPLOAD,Upload alternative image,ALLOW,ALLOW,ALLOW,CONDITIONAL,DENY,DENY,DENY,DENY,"Decision is open; uploader can access item; type size signature and scan gates pass",404_or_415,SHOPPING_ATTACHMENT_UPLOADED
PLAN_READ,Read current household meal board,ALLOW,ALLOW,ALLOW,DENY,DENY,CONDITIONAL,CONDITIONAL,DENY,"Share principals see only selected immutable versions and granted field scopes",404,NONE
PLAN_EDIT_DRAFT,Create or edit draft slot directly,ALLOW,ALLOW,DENY,DENY,DENY,DENY,DENY,DENY,"Owner/adult only; board not confirmed/archived; expected board version; recipe visibility passes; member uses PLAN_PROPOSE",404_or_409,MEAL_DRAFT_CHANGED
PLAN_PROPOSE,Create household meal change proposal,ALLOW,ALLOW,ALLOW,DENY,DENY,DENY,CONDITIONAL,DENY,"Reviewer proposal is limited to selected shared version and typed patch schema; no canonical write",404_or_409,MEAL_PROPOSAL_CREATED
PLAN_REACT,React to household proposal,ALLOW,ALLOW,ALLOW,DENY,DENY,DENY,DENY,DENY,"One active reaction per profile; manager may submit a separate managed-profile reaction through delegated endpoint",404,MEAL_REACTION_CHANGED
PLAN_ATTEND_SELF,Set own attendance,ALLOW,ALLOW,ALLOW,DENY,DENY,DENY,DENY,DENY,"Caller acts only for linked profile on current/draft version",404_or_409,MEAL_ATTENDANCE_CHANGED
PLAN_ATTEND_MANAGED,Set managed-profile attendance,CONDITIONAL,CONDITIONAL,DENY,DENY,DENY,DENY,DENY,DENY,"Owner or adult must be designated manager; separate manager-transfer/emergency process grants no attendance write until transfer completes; current slot/board version",404_or_409,MEAL_ATTENDANCE_CHANGED
PLAN_GUEST_COUNT_WRITE,Set slot-level aggregate guest count,ALLOW,ALLOW,ALLOW,DENY,DENY,DENY,DENY,DENY,"Single guestCount on meal slot; integer 0..20; expected slot/board version; creates immutable next plan version",404_or_409,MEAL_GUEST_COUNT_CHANGED
PLAN_CONFIRM,Confirm plan or accept household proposal,ALLOW,ALLOW,DENY,DENY,DENY,DENY,DENY,DENY,"Expected current plan version; immutable next version; deterministic diff produced",404_or_409,MEAL_PLAN_CONFIRMED
PLAN_SHOPPING_APPLY,Apply confirmed plan shopping diff,ALLOW,ALLOW,DENY,DENY,DENY,DENY,DENY,DENY,"Diff pending and based on current version; separate idempotent command; preview hash matches",404_or_409,PLAN_SHOPPING_DIFF_APPLIED
SHARE_CREATE,Create view/review share,ALLOW,ALLOW,DENY,DENY,DENY,DENY,DENY,DENY,"Immutable versions selected; expiry required; sensitive scopes explicitly selected and justified",404,PLAN_SHARE_CREATED
SHARE_SCOPE_CHANGE,Reduce or add share scope,ALLOW,CONDITIONAL,DENY,DENY,DENY,DENY,DENY,DENY,"Adult must be share creator to add scope; owner may reduce/revoke any share; adding sensitive scope requires fresh confirmation",404,PLAN_SHARE_SCOPE_CHANGED
SHARE_REVOKE,Revoke share,ALLOW,CONDITIONAL,DENY,DENY,DENY,DENY,DENY,DENY,"Adult may revoke own share; owner may revoke any share; immediate cache/session invalidation",404,PLAN_SHARE_REVOKED
SHARE_VIEW,Read external shared version,DENY,DENY,DENY,DENY,DENY,CONDITIONAL,CONDITIONAL,DENY,"Bearer token digest valid; share active/unexpired; version selected; response projected by live scopes",404,SHARE_ACCESSED
ADVISOR_COMMENT,Create contextual review comment,DENY,DENY,DENY,DENY,DENY,DENY,CONDITIONAL,DENY,"REVIEW mode; selected version; optional slot belongs to version; rate and length limits",404_or_429,ADVISOR_COMMENT_CREATED
ADVISOR_PROPOSE,Create typed advisor proposal,DENY,DENY,DENY,DENY,DENY,DENY,CONDITIONAL,DENY,"REVIEW mode; selected immutable base version; allowlisted patch; never canonical mutation",404_or_409,ADVISOR_PROPOSAL_CREATED
ADVISOR_PROPOSAL_DECIDE,Accept or reject advisor proposal,ALLOW,ALLOW,DENY,DENY,DENY,DENY,DENY,DENY,"PLAN_CONFIRM capability; share/proposal active; base still current; accept creates new version",404_or_409,ADVISOR_PROPOSAL_DECIDED
NOTIFICATION_PREF_WRITE,Change own notification settings,ALLOW,ALLOW,ALLOW,ALLOW,DENY,DENY,DENY,DENY,"Caller changes only own user preference; guest still receives only permitted session events",404,NOTIFICATION_PREFERENCE_CHANGED
NOTIFICATION_ACTION,Execute deep-linked action,CONDITIONAL,CONDITIONAL,CONDITIONAL,CONDITIONAL,DENY,DENY,DENY,DENY,"Notification is not authority; re-run target capability expiry and expectedVersion checks; idempotency required",404_or_409,NOTIFICATION_ACTION_EXECUTED
