recipeId,slug,titleFa,sourceGroup,fieldPath,exactBadText,class,severity,recommendedRepairType,allowlistStatus
"garnish_recipe_fa_101_877a41d3","garnish_recipe_fa_101_877a41d3","","dataset","dataset.repeated","این اطلاعات عمومی و آشپزی است، نه توصیهٔ پزشکی","REPEATED_SENTENCE_ACROSS_DATASET","HIGH","FULL_GRIS_REVIEW","ALLOWLISTED"
"garnish_lite_fa_001_6f1166ee","garnish_lite_fa_001_6f1166ee","","dataset","dataset.repeated","جایگزین را ساده نگه دار: ماده‌ای با طعم و بافت نزدیک انتخاب کن، و اگر به چیزی حساسیت داری همان ماده را حذف یا با گزینه امن خودت عوض کن","REPEATED_SENTENCE_ACROSS_DATASET","HIGH","SENTENCE_PATCH","ALLOWLISTED"
"garnish_lite_fa_001_6f1166ee","garnish_lite_fa_001_6f1166ee","","dataset","dataset.repeated","چون آماده‌سازی آن کوتاه است و بیشتر از چند حرکت ساده نیاز ندارد؛ با این حال مقدارها دقیق نوشته شده‌اند تا نتیجه قابل تکرار باشد","REPEATED_SENTENCE_ACROSS_DATASET","HIGH","SENTENCE_PATCH","ALLOWLISTED"
"garnish_lite_fa_001_6f1166ee","garnish_lite_fa_001_6f1166ee","","dataset","dataset.repeated","مقدار مواد برای یک نفر نوشته شده؛ برای چند نفر، همه مواد را به همان نسبت بیشتر کن","REPEATED_SENTENCE_ACROSS_DATASET","HIGH","SENTENCE_PATCH","ALLOWLISTED"
"garnish_lite_fa_001_6f1166ee","garnish_lite_fa_001_6f1166ee","","dataset","dataset.repeated","همان موقع سرو کن تا نان، میوه یا سبزیجات بافت تازه‌تری داشته باشند","REPEATED_SENTENCE_ACROSS_DATASET","HIGH","SENTENCE_PATCH","ALLOWLISTED"
"garnish_lite_fa_001_6f1166ee","garnish_lite_fa_001_6f1166ee","","dataset","dataset.repeated","مواد را ساده و مرتب کنار هم بگذار، مخلوط کن یا داخل نان بچین","REPEATED_SENTENCE_ACROSS_DATASET","HIGH","SENTENCE_PATCH","ALLOWLISTED"
"garnish_lite_fa_001_6f1166ee","garnish_lite_fa_001_6f1166ee","","dataset","dataset.repeated","مواد را بیش از حد مخلوط یا له نکن تا بافت اصلی آیتم حفظ شود","REPEATED_SENTENCE_ACROSS_DATASET","HIGH","SENTENCE_PATCH","ALLOWLISTED"
"garnish_lite_fa_001_6f1166ee","garnish_lite_fa_001_6f1166ee","","dataset","dataset.repeated","مواد را طبق مقدارهای نوشته‌شده آماده کن و کنار دستت بگذار","REPEATED_SENTENCE_ACROSS_DATASET","HIGH","SENTENCE_PATCH","ALLOWLISTED"
"garnish_lite_fa_001_6f1166ee","garnish_lite_fa_001_6f1166ee","","dataset","dataset.repeated","همان موقع سرو کن تا بافت و طعم مواد تازه بماند","REPEATED_SENTENCE_ACROSS_DATASET","HIGH","SENTENCE_PATCH","ALLOWLISTED"
"garnish_lite_fa_001_6f1166ee","garnish_lite_fa_001_6f1166ee","","dataset","dataset.repeated","چرا این آیتم سبک است؟","REPEATED_SENTENCE_ACROSS_DATASET","HIGH","SENTENCE_PATCH","ALLOWLISTED"
"garnish_recipe_global_143_002_5f663504","garnish_recipe_global_143_002_5f663504","","dataset","dataset.repeated","برای این دستور عدد کالری در دادهٔ فعلی موجود نیست","REPEATED_SENTENCE_ACROSS_DATASET","HIGH","SENTENCE_PATCH","ALLOWLISTED"
"garnish_lite_fa_001_6f1166ee","garnish_lite_fa_001_6f1166ee","","dataset","dataset.repeated","این آیتم با مواد قابل‌دسترس طراحی شده و برای برنامه غذایی، جستجو و لیست خرید آماده است","REPEATED_SENTENCE_ACROSS_DATASET","HIGH","SENTENCE_PATCH","ALLOWLISTED"
"garnish_recipe_fa_113_2a1debd0","garnish_recipe_fa_113_2a1debd0","","dataset","dataset.repeated","واقعی: جایگزین واقعی ندارد","REPEATED_SENTENCE_ACROSS_DATASET","HIGH","SENTENCE_PATCH","ALLOWLISTED"
"meze50_11_crispy-feta-phyllo-bites","meze50_11_crispy-feta-phyllo-bites","","dataset","dataset.repeated","این توضیح عمومی است و با مقدار سرو و مواد تغییر می‌کند","REPEATED_SENTENCE_ACROSS_DATASET","HIGH","SENTENCE_PATCH","ALLOWLISTED"
"garnish_recipe_fa_105_606b3bee","garnish_recipe_fa_105_606b3bee","","dataset","dataset.repeated","نکته خرید: روغن تازه و مناسب حرارت انتخاب کنید","REPEATED_SENTENCE_ACROSS_DATASET","HIGH","SENTENCE_PATCH","ALLOWLISTED"
"garnish_recipe_fa_105_606b3bee","garnish_recipe_fa_105_606b3bee","","dataset","dataset.repeated","1 قاشق چای‌خوری (ضروری)","REPEATED_SENTENCE_ACROSS_DATASET","HIGH","SENTENCE_PATCH","ALLOWLISTED"
"garnish_recipe_fa_100_ce2b0c24","garnish_recipe_fa_100_ce2b0c24","","dataset","dataset.repeated","جایگزین واقعی ندارد؛ حذف یا تعویض آن هویت یا بافت غذا را تغییر می‌دهد","REPEATED_SENTENCE_ACROSS_DATASET","HIGH","SENTENCE_PATCH","ALLOWLISTED"
"garnish_recipe_fa_105_606b3bee","garnish_recipe_fa_105_606b3bee","","dataset","dataset.repeated","5 قاشق چای‌خوری (ضروری)","REPEATED_SENTENCE_ACROSS_DATASET","HIGH","SENTENCE_PATCH","ALLOWLISTED"
"garnish_recipe_fa_105_606b3bee","garnish_recipe_fa_105_606b3bee","","dataset","dataset.repeated","این توضیح برای درک عمومی ترکیب غذاست و با اندازهٔ سهم، روغن جذب‌شده یا همراه‌های سرو تغییر می‌کند","REPEATED_SENTENCE_ACROSS_DATASET","HIGH","SENTENCE_PATCH","ALLOWLISTED"
"garnish_lite_fa_004_ab5fbe9d","garnish_lite_fa_004_ab5fbe9d","","dataset","dataset.repeated","یک آیتم سریع و سبک است که با چند ماده ساده آماده می‌شود و برای مصرف روزمره مناسب است","REPEATED_SENTENCE_ACROSS_DATASET","HIGH","SENTENCE_PATCH","ALLOWLISTED"
"garnish_recipe_fa_1289_dccb626e","garnish_recipe_fa_1289_dccb626e","","dataset","dataset.repeated","این نوشیدنی بیشتر برای طعم، خنکی یا همراهی با وعده استفاده می‌شود؛ مقدار شیرینی، یخ و رقیق‌سازی بیشترین اثر را روی حس نهایی دارد","REPEATED_SENTENCE_ACROSS_DATASET","HIGH","SENTENCE_PATCH","ALLOWLISTED"
"garnish_recipe_fa_1289_dccb626e","garnish_recipe_fa_1289_dccb626e","","dataset","dataset.repeated","وقتی دما و بافت هنوز زنده است: نوشیدنی‌های سرد بلافاصله بعد از یخ و نوشیدنی‌های گرم بلافاصله بعد از دم‌آوری یا گرم‌کردن شیر","REPEATED_SENTENCE_ACROSS_DATASET","HIGH","SENTENCE_PATCH","ALLOWLISTED"
"garnish_recipe_fa_1289_dccb626e","garnish_recipe_fa_1289_dccb626e","","dataset","dataset.repeated","پایه را می‌توان زودتر آماده کرد، اما یخ، سودا، نعناع تازه، بوبا یا کف شیر را نزدیک سرو اضافه کن تا بافت و عطر افت نکند","REPEATED_SENTENCE_ACROSS_DATASET","HIGH","SENTENCE_PATCH","ALLOWLISTED"
"garnish_recipe_fa_1289_dccb626e","garnish_recipe_fa_1289_dccb626e","","dataset","dataset.repeated","در نوشیدنی‌های میوه‌ای، لبنی یا برنجی جداشدگی طبیعی است؛ قبل از سرو آرام هم بزن، اما برای نوشیدنی گازدار زیاد هم نزن","REPEATED_SENTENCE_ACROSS_DATASET","HIGH","SENTENCE_PATCH","ALLOWLISTED"
"garnish_recipe_fa_1289_dccb626e","garnish_recipe_fa_1289_dccb626e","","dataset","dataset.repeated","شیرینی را در پایه کمتر کن و با دمای درست، عطر تازه و مقدار دقیق اسید یا ادویه مزه را کامل نگه دار","REPEATED_SENTENCE_ACROSS_DATASET","HIGH","SENTENCE_PATCH","ALLOWLISTED"
"garnish_recipe_fa_1289_dccb626e","garnish_recipe_fa_1289_dccb626e","","dataset","dataset.repeated","نشانهٔ درست این مرحله باید باظاهر، عطر و بافت همین مرحله دیده شود","REPEATED_SENTENCE_ACROSS_DATASET","HIGH","SENTENCE_PATCH","ALLOWLISTED"
"garnish_recipe_fa_1289_dccb626e","garnish_recipe_fa_1289_dccb626e","","dataset","dataset.repeated","چطور شیرینی را کم کنم بدون اینکه مزه خالی شود؟","REPEATED_SENTENCE_ACROSS_DATASET","HIGH","SENTENCE_PATCH","ALLOWLISTED"
"garnish_recipe_fa_1289_dccb626e","garnish_recipe_fa_1289_dccb626e","","dataset","dataset.repeated","رقیق‌سازی، شخصیت نوشیدنی را تعیین می‌کند:","REPEATED_SENTENCE_ACROSS_DATASET","HIGH","SENTENCE_PATCH","ALLOWLISTED"
"garnish_recipe_fa_1289_dccb626e","garnish_recipe_fa_1289_dccb626e","","dataset","dataset.repeated","چرا نوشیدنی بعد از مدتی جدا می‌شود؟","REPEATED_SENTENCE_ACROSS_DATASET","HIGH","SENTENCE_PATCH","ALLOWLISTED"
"garnish_recipe_fa_1323_cf6bcb5c","garnish_recipe_fa_1323_cf6bcb5c","","dataset","dataset.repeated","می‌توانم از قبل آماده کنم؟","REPEATED_SENTENCE_ACROSS_DATASET","HIGH","SENTENCE_PATCH","ALLOWLISTED"
"garnish_recipe_fa_1289_dccb626e","garnish_recipe_fa_1289_dccb626e","","dataset","dataset.repeated","بهترین زمان سرو چیست؟","REPEATED_SENTENCE_ACROSS_DATASET","HIGH","SENTENCE_PATCH","ALLOWLISTED"
"garnish_recipe_global_143_002_5f663504","garnish_recipe_global_143_002_5f663504","","dataset","dataset.repeated","نکته خرید: نمک ریز و تمیز استفاده کنید تا یکنواخت پخش شود","REPEATED_SENTENCE_ACROSS_DATASET","HIGH","SENTENCE_PATCH","ALLOWLISTED"
"garnish_recipe_fa_114_4d182f15","garnish_recipe_fa_114_4d182f15","","dataset","dataset.repeated","روغن کانولا یا روغن خنثی مشابه قابل استفاده است","REPEATED_SENTENCE_ACROSS_DATASET","HIGH","SENTENCE_PATCH","ALLOWLISTED"
"garnish_recipe_fa_113_2a1debd0","garnish_recipe_fa_113_2a1debd0","","dataset","dataset.repeated","هزینه: متوسط رو به بالا","REPEATED_SENTENCE_ACROSS_DATASET","HIGH","SENTENCE_PATCH","ALLOWLISTED"
"garnish_recipe_fa_1289_dccb626e","garnish_recipe_fa_1289_dccb626e","","dataset","dataset.repeated","لیوان سرد در نوشیدنی‌های یخی سرعت آب شدن یخ را کم می‌کند و فنجان گرم در نوشیدنی‌های داغ افت دما را کمتر می‌کند","REPEATED_SENTENCE_ACROSS_DATASET","HIGH","SENTENCE_PATCH","ALLOWLISTED"
"garnish_recipe_fa_1289_dccb626e","garnish_recipe_fa_1289_dccb626e","","dataset","dataset.repeated","نشانهٔ درست، دمای پایدار تا چند جرعه اول است","REPEATED_SENTENCE_ACROSS_DATASET","HIGH","SENTENCE_PATCH","ALLOWLISTED"
"garnish_recipe_fa_1289_dccb626e","garnish_recipe_fa_1289_dccb626e","","dataset","dataset.repeated","سردی یا گرمی ظرف روی نتیجه اثر دارد:","REPEATED_SENTENCE_ACROSS_DATASET","HIGH","SENTENCE_PATCH","ALLOWLISTED"
"garnish_recipe_fa_101_877a41d3","garnish_recipe_fa_101_877a41d3","","dataset","dataset.repeated","فلفلِ تازه‌آسیاب عطرِ بیشتری دارد","REPEATED_SENTENCE_ACROSS_DATASET","HIGH","SENTENCE_PATCH","ALLOWLISTED"
"garnish_recipe_fa_1071_6e0696a6","garnish_recipe_fa_1071_6e0696a6","","dataset","dataset.repeated","۱ قاشق چای‌خوری (به‌مزه)","REPEATED_SENTENCE_ACROSS_DATASET","HIGH","SENTENCE_PATCH","ALLOWLISTED"
"garnish_recipe_global_143_121_ee99f013","garnish_recipe_global_143_121_ee99f013","","dataset","dataset.repeated","بخش‌های پایه را می‌توان زودتر آماده کرد، اما مرحله نهایی بهتر است نزدیک سرو انجام شود","REPEATED_SENTENCE_ACROSS_DATASET","HIGH","SENTENCE_PATCH","ALLOWLISTED"
"garnish_recipe_global_143_121_ee99f013","garnish_recipe_global_143_121_ee99f013","","dataset","dataset.repeated","نشانه اصلی، بافت درست بخش پایه و غلظت مناسب سس یا پایه غذاست","REPEATED_SENTENCE_ACROSS_DATASET","HIGH","SENTENCE_PATCH","ALLOWLISTED"
"garnish_recipe_global_143_121_ee99f013","garnish_recipe_global_143_121_ee99f013","","dataset","dataset.repeated","جایگزین‌ها فقط وقتی استفاده شوند که نقش اصلی ماده حفظ شود","REPEATED_SENTENCE_ACROSS_DATASET","HIGH","SENTENCE_PATCH","ALLOWLISTED"
"garnish_recipe_global_143_121_ee99f013","garnish_recipe_global_143_121_ee99f013","","dataset","dataset.repeated","برای نسخه ملایم‌تر، مقدار فلفل و ادویه تند را کم کنید","REPEATED_SENTENCE_ACROSS_DATASET","HIGH","SENTENCE_PATCH","ALLOWLISTED"
"garnish_recipe_fa_177_c8caf164","garnish_recipe_fa_177_c8caf164","","dataset","dataset.repeated","نکته خرید: تخم‌مرغ تازه با پوسته سالم انتخاب کنید","REPEATED_SENTENCE_ACROSS_DATASET","HIGH","SENTENCE_PATCH","ALLOWLISTED"
"garnish_recipe_global_143_121_ee99f013","garnish_recipe_global_143_121_ee99f013","","dataset","dataset.repeated","در پایان قبل از سرو مزه را دوباره تنظیم کنید","REPEATED_SENTENCE_ACROSS_DATASET","HIGH","SENTENCE_PATCH","ALLOWLISTED"
"garnish_recipe_global_143_121_ee99f013","garnish_recipe_global_143_121_ee99f013","","dataset","dataset.repeated","حرارت را با نشانه‌های ظاهری غذا تنظیم کنید","REPEATED_SENTENCE_ACROSS_DATASET","HIGH","SENTENCE_PATCH","ALLOWLISTED"
"garnish_recipe_global_143_121_ee99f013","garnish_recipe_global_143_121_ee99f013","","dataset","dataset.repeated","حرارت بیش از حد، بافت و مزه را خراب می‌کند","REPEATED_SENTENCE_ACROSS_DATASET","HIGH","SENTENCE_PATCH","ALLOWLISTED"
"garnish_recipe_global_143_121_ee99f013","garnish_recipe_global_143_121_ee99f013","","dataset","dataset.repeated","سرو دیرهنگام، کیفیت بافت را پایین می‌آورد","REPEATED_SENTENCE_ACROSS_DATASET","HIGH","SENTENCE_PATCH","ALLOWLISTED"
"garnish_recipe_global_143_121_ee99f013","garnish_recipe_global_143_121_ee99f013","","dataset","dataset.repeated","اضافه کردن مایع زیاد، غذا را آبکی می‌کند","REPEATED_SENTENCE_ACROSS_DATASET","HIGH","SENTENCE_PATCH","ALLOWLISTED"
"garnish_recipe_global_143_121_ee99f013","garnish_recipe_global_143_121_ee99f013","","dataset","dataset.repeated","مواد را قبل از شروع آماده کنید","REPEATED_SENTENCE_ACROSS_DATASET","HIGH","SENTENCE_PATCH","ALLOWLISTED"
"garnish_recipe_global_143_121_ee99f013","garnish_recipe_global_143_121_ee99f013","","dataset","dataset.repeated","از کجا بفهمم غذا آماده است؟","REPEATED_SENTENCE_ACROSS_DATASET","HIGH","SENTENCE_PATCH","ALLOWLISTED"
"garnish_recipe_fa_105_606b3bee","garnish_recipe_fa_105_606b3bee","","dataset","dataset.repeated","2 قاشق غذاخوری (ضروری)","REPEATED_SENTENCE_ACROSS_DATASET","HIGH","SENTENCE_PATCH","ALLOWLISTED"
"garnish_recipe_fa_1289_dccb626e","garnish_recipe_fa_1289_dccb626e","","dataset","dataset.repeated","گرم‌کردن: گرم‌کردن ندارد؛ سرد سرو می‌شود","REPEATED_SENTENCE_ACROSS_DATASET","HIGH","SENTENCE_PATCH","ALLOWLISTED"
"garnish_recipe_global_143_041_33abbd3b","garnish_recipe_global_143_041_33abbd3b","","dataset","dataset.repeated","از نظر کیفی، این غذا را باید با مواد اصلی، اندازهٔ وعده، روش پخت و همراه‌های سرو سنجید، نه با ادعای درمانی یا رژیمی","REPEATED_SENTENCE_ACROSS_DATASET","HIGH","SENTENCE_PATCH","ALLOWLISTED"
"garnish_recipe_fa_114_4d182f15","garnish_recipe_fa_114_4d182f15","","dataset","dataset.repeated","این توضیح برای درک عمومی ترکیب غذاست و با اندازهٔ سهم، مقدار روغن یا همراه‌های سرو تغییر می‌کند","REPEATED_SENTENCE_ACROSS_DATASET","HIGH","SENTENCE_PATCH","ALLOWLISTED"
"garnish_recipe_fa_111_4cb37a1a","garnish_recipe_fa_111_4cb37a1a","","dataset","dataset.repeated","باید همان نقش را داشته باشد؛ اگر مطمئن نیستید حذف یا تعویض نکنید","REPEATED_SENTENCE_ACROSS_DATASET","HIGH","SENTENCE_PATCH","ALLOWLISTED"
"garnish_recipe_global_143_041_33abbd3b","garnish_recipe_global_143_041_33abbd3b","","dataset","dataset.repeated","عدد کالری مشخصی برای نمایش وجود ندارد؛ عدد تازه‌ای ساخته نمی‌شود","REPEATED_SENTENCE_ACROSS_DATASET","HIGH","SENTENCE_PATCH","ALLOWLISTED"
"garnish_recipe_fa_1510_2d1f8557","garnish_recipe_fa_1510_2d1f8557","","dataset","dataset.repeated","اگر دانه‌ای است، تازه و خشک باشد؛ اگر شربتی است، بوی کهنگی ندهد","REPEATED_SENTENCE_ACROSS_DATASET","HIGH","SENTENCE_PATCH","ALLOWLISTED"
"garnish_recipe_global_143_002_5f663504","garnish_recipe_global_143_002_5f663504","","dataset","dataset.repeated","نمک دریا با دانه ریز ممکن است؛ مقدار را با شوری آن هماهنگ کنید","REPEATED_SENTENCE_ACROSS_DATASET","HIGH","SENTENCE_PATCH","ALLOWLISTED"
"garnish_recipe_fa_100_ce2b0c24","garnish_recipe_fa_100_ce2b0c24","","dataset","dataset.repeated","نکته خرید: سفت، تازه و بدون لکه یا پژمردگی انتخاب کنید","REPEATED_SENTENCE_ACROSS_DATASET","MEDIUM","SENTENCE_PATCH","ALLOWLISTED"
"garnish_recipe_fa_142_3215f0b5","garnish_recipe_fa_142_3215f0b5","","dataset","dataset.repeated","نکته خرید: فلفل تازه‌آسیاب عطر بیشتری دارد","REPEATED_SENTENCE_ACROSS_DATASET","MEDIUM","SENTENCE_PATCH","ALLOWLISTED"
"garnish_recipe_global_143_015_39a2f209","garnish_recipe_global_143_015_39a2f209","","dataset","dataset.repeated","نکته خرید: شکر خشک و دانه‌ریز انتخاب کنید تا سریع حل شود","REPEATED_SENTENCE_ACROSS_DATASET","MEDIUM","SENTENCE_PATCH","ALLOWLISTED"
"garnish_recipe_fa_101_877a41d3","garnish_recipe_fa_101_877a41d3","","dataset","dataset.repeated","به‌مزه (حدود ۱ قاشق چای‌خوری)","REPEATED_SENTENCE_ACROSS_DATASET","MEDIUM","SENTENCE_PATCH","ALLOWLISTED"
"garnish_recipe_fa_1510_2d1f8557","garnish_recipe_fa_1510_2d1f8557","","dataset","dataset.repeated","⏲ آماده‌سازی زودهنگام: پایه شربت یا میوه خردشده را می‌توان زودتر آماده کرد؛ یخ و مواد حساس را نزدیک سرو اضافه کن","REPEATED_SENTENCE_ACROSS_DATASET","MEDIUM","SENTENCE_PATCH","ALLOWLISTED"
"garnish_recipe_fa_1510_2d1f8557","garnish_recipe_fa_1510_2d1f8557","","dataset","dataset.repeated","یخچال: پایه بدون یخ معمولاً تا ۲۴ ساعت در یخچال بهتر می‌ماند؛ نوشیدنی گازدار یا نعناعی را فوری مصرف کن","REPEATED_SENTENCE_ACROSS_DATASET","MEDIUM","SENTENCE_PATCH","ALLOWLISTED"
"garnish_recipe_global_143_024_194514e6","garnish_recipe_global_143_024_194514e6","","dataset","dataset.repeated","بخش‌های خشک یا پایه را می‌توان آماده کرد، اما ترکیب نهایی بهتر است نزدیک زمان سرو انجام شود","REPEATED_SENTENCE_ACROSS_DATASET","MEDIUM","SENTENCE_PATCH","ALLOWLISTED"
"garnish_recipe_fa_1510_2d1f8557","garnish_recipe_fa_1510_2d1f8557","","dataset","dataset.repeated","❄ فریز: فریز فقط برای تکه‌های میوه مناسب است، نه نوشیدنی کامل","REPEATED_SENTENCE_ACROSS_DATASET","MEDIUM","SENTENCE_PATCH","ALLOWLISTED"
"garnish_recipe_global_143_024_194514e6","garnish_recipe_global_143_024_194514e6","","dataset","dataset.repeated","جایگزین فقط وقتی پیشنهاد می‌شود که هویت اصلی غذا حفظ شود","REPEATED_SENTENCE_ACROSS_DATASET","MEDIUM","SENTENCE_PATCH","ALLOWLISTED"
"garnish_recipe_global_143_014_8a86b8a0","garnish_recipe_global_143_014_8a86b8a0","","dataset","dataset.repeated","نکته خرید: پیاز سفت و بدون جوانه بخرید","REPEATED_SENTENCE_ACROSS_DATASET","MEDIUM","SENTENCE_PATCH","ALLOWLISTED"
"garnish_recipe_global_143_024_194514e6","garnish_recipe_global_143_024_194514e6","","dataset","dataset.repeated","آیا می‌شود مواد را از قبل آماده کرد؟","REPEATED_SENTENCE_ACROSS_DATASET","MEDIUM","SENTENCE_PATCH","ALLOWLISTED"
"garnish_recipe_global_143_024_194514e6","garnish_recipe_global_143_024_194514e6","","dataset","dataset.repeated","مهم‌ترین نشانه آماده بودن چیست؟","REPEATED_SENTENCE_ACROSS_DATASET","MEDIUM","SENTENCE_PATCH","ALLOWLISTED"
"garnish_recipe_fa_128_80595bf3","garnish_recipe_fa_128_80595bf3","","dataset","dataset.repeated","1 قاشق غذاخوری (ضروری)","REPEATED_SENTENCE_ACROSS_DATASET","MEDIUM","SENTENCE_PATCH","ALLOWLISTED"
"garnish_recipe_fa_105_606b3bee","garnish_recipe_fa_105_606b3bee","","dataset","dataset.repeated","3 قاشق غذاخوری (ضروری)","REPEATED_SENTENCE_ACROSS_DATASET","MEDIUM","SENTENCE_PATCH","ALLOWLISTED"
"garnish_recipe_fa_122_dc5bb310","garnish_recipe_fa_122_dc5bb310","","dataset","dataset.repeated","نکته خرید: نمک خشک و یکنواخت استفاده کنید تا مقداردهی قابل کنترل باشد","REPEATED_SENTENCE_ACROSS_DATASET","MEDIUM","SENTENCE_PATCH","ALLOWLISTED"
"garnish_recipe_fa_101_877a41d3","garnish_recipe_fa_101_877a41d3","","dataset","dataset.repeated","ing_lamb_meat_raw→ing_button_mushroom_raw","REPEATED_SENTENCE_ACROSS_DATASET","MEDIUM","SENTENCE_PATCH","ALLOWLISTED"
"garnish_recipe_fa_1196_6cbbd3af","garnish_recipe_fa_1196_6cbbd3af","","dataset","dataset.repeated","نقش مکمل در طعم، بافت یا تعادل این دستور","REPEATED_SENTENCE_ACROSS_DATASET","MEDIUM","SENTENCE_PATCH","ALLOWLISTED"
"garnish_recipe_fa_100_ce2b0c24","garnish_recipe_fa_100_ce2b0c24","","dataset","dataset.repeated","روغن مایع خنثی دیگر با تحمل حرارت مشابه","REPEATED_SENTENCE_ACROSS_DATASET","MEDIUM","SENTENCE_PATCH","ALLOWLISTED"
"garnish_recipe_fa_103_066b318c","garnish_recipe_fa_103_066b318c","","dataset","dataset.repeated","ملایم‌تر و کمی شیرین‌تر","REPEATED_SENTENCE_ACROSS_DATASET","MEDIUM","SENTENCE_PATCH","ALLOWLISTED"
"garnish_recipe_fa_1071_6e0696a6","garnish_recipe_fa_1071_6e0696a6","","dataset","dataset.repeated","گوشت چرخ‌کرده گوسفند","REPEATED_SENTENCE_ACROSS_DATASET","MEDIUM","SENTENCE_PATCH","ALLOWLISTED"
"garnish_recipe_fa_111_4cb37a1a","garnish_recipe_fa_111_4cb37a1a","","dataset","dataset.repeated","چاشنی و تنظیم‌کنندهٔ مزه؛ در بعضی خمیرها ساختار را هم کنترل می‌کند","REPEATED_SENTENCE_ACROSS_DATASET","MEDIUM","SENTENCE_PATCH","ALLOWLISTED"
"garnish_recipe_fa_122_dc5bb310","garnish_recipe_fa_122_dc5bb310","","dataset","dataset.repeated","نکته خرید: فلفل تازه‌آسیاب عطر روشن‌تری دارد","REPEATED_SENTENCE_ACROSS_DATASET","MEDIUM","SENTENCE_PATCH","ALLOWLISTED"
"garnish_recipe_fa_166_41ac7f2f","garnish_recipe_fa_166_41ac7f2f","","dataset","dataset.repeated","نکته خرید: نمک یکنواخت و تمیز استفاده کنید","REPEATED_SENTENCE_ACROSS_DATASET","MEDIUM","SENTENCE_PATCH","ALLOWLISTED"
"garnish_recipe_fa_1289_dccb626e","garnish_recipe_fa_1289_dccb626e","","dataset","dataset.repeated","❄ فریز: فریز مناسب نیست","REPEATED_SENTENCE_ACROSS_DATASET","MEDIUM","SENTENCE_PATCH","ALLOWLISTED"
"garnish_recipe_fa_1071_6e0696a6","garnish_recipe_fa_1071_6e0696a6","","dataset","dataset.repeated","گوشت چرخ‌کرده بوقلمون","REPEATED_SENTENCE_ACROSS_DATASET","MEDIUM","SENTENCE_PATCH","ALLOWLISTED"
"garnish_recipe_fa_103_066b318c","garnish_recipe_fa_103_066b318c","","dataset","dataset.repeated","حدود ۱ قاشق چای‌خوری (به‌مزه)","REPEATED_SENTENCE_ACROSS_DATASET","MEDIUM","SENTENCE_PATCH","ALLOWLISTED"
"garnish_recipe_global_143_024_194514e6","garnish_recipe_global_143_024_194514e6","","dataset","dataset.repeated","برای نوشیدنی سرد آب کاملاً سرد، برای دم‌آوری آب تازه و بی‌بو استفاده کن","REPEATED_SENTENCE_ACROSS_DATASET","MEDIUM","SENTENCE_PATCH","ALLOWLISTED"
"garnish_recipe_fa_111_4cb37a1a","garnish_recipe_fa_111_4cb37a1a","","dataset","dataset.repeated","چربیِ پخت؛ عطر را حمل می‌کند و سطح را برشته یا لطیف می‌سازد","REPEATED_SENTENCE_ACROSS_DATASET","MEDIUM","SENTENCE_PATCH","ALLOWLISTED"
"garnish_recipe_fa_114_4d182f15","garnish_recipe_fa_114_4d182f15","","dataset","dataset.repeated","نکته خرید: پیاز سفت و بدون جوانه انتخاب کنید","REPEATED_SENTENCE_ACROSS_DATASET","MEDIUM","SENTENCE_PATCH","ALLOWLISTED"
"garnish_recipe_fa_105_606b3bee","garnish_recipe_fa_105_606b3bee","","dataset","dataset.repeated","نکته خرید: نمک تمیز و یکنواخت استفاده کنید","REPEATED_SENTENCE_ACROSS_DATASET","MEDIUM","SENTENCE_PATCH","ALLOWLISTED"
"garnish_recipe_fa_142_3215f0b5","garnish_recipe_fa_142_3215f0b5","","dataset","dataset.repeated","فلفل سفید مزه متفاوتی می‌دهد","REPEATED_SENTENCE_ACROSS_DATASET","MEDIUM","SENTENCE_PATCH","ALLOWLISTED"
"garnish_recipe_fa_113_2a1debd0","garnish_recipe_fa_113_2a1debd0","","dataset","dataset.repeated","مقدار: 1 قاشق چای‌خوری","REPEATED_SENTENCE_ACROSS_DATASET","MEDIUM","SENTENCE_PATCH","ALLOWLISTED"
"garnish_recipe_fa_1510_2d1f8557","garnish_recipe_fa_1510_2d1f8557","","dataset","dataset.repeated","میوه تازه فصل شیرینی خشک سبک میان‌وعده سرد تابستانی","REPEATED_SENTENCE_ACROSS_DATASET","MEDIUM","SENTENCE_PATCH","ALLOWLISTED"
"garnish_recipe_fa_105_606b3bee","garnish_recipe_fa_105_606b3bee","","dataset","dataset.repeated","4 قاشق غذاخوری (ضروری)","REPEATED_SENTENCE_ACROSS_DATASET","MEDIUM","SENTENCE_PATCH","ALLOWLISTED"
"garnish_recipe_fa_104_7b4ced78","garnish_recipe_fa_104_7b4ced78","","dataset","dataset.repeated","گوشت چرخ‌کردهٔ گوسفند","REPEATED_SENTENCE_ACROSS_DATASET","MEDIUM","SENTENCE_PATCH","ALLOWLISTED"
"garnish_recipe_fa_1289_dccb626e","garnish_recipe_fa_1289_dccb626e","","dataset","dataset.repeated","اگر رنگ، کف یا عطر ناگهان تغییر کرد، مرحله را متوقف کن و نسبت دما/زمان را اصلاح کن","REPEATED_SENTENCE_ACROSS_DATASET","MEDIUM","SENTENCE_PATCH","ALLOWLISTED"
"garnish_recipe_global_143_040_dcfd7c46","garnish_recipe_global_143_040_dcfd7c46","","dataset","dataset.repeated","نکته خرید: سس سویای متعادل و نه بیش از حد شور انتخاب کنید","REPEATED_SENTENCE_ACROSS_DATASET","MEDIUM","SENTENCE_PATCH","ALLOWLISTED"
"garnish_recipe_fa_121_b6f01192","garnish_recipe_fa_121_b6f01192","","dataset","dataset.repeated","این اطلاعات عمومی آشپزی است، نه توصیه پزشکی","REPEATED_SENTENCE_ACROSS_DATASET","MEDIUM","SENTENCE_PATCH","ALLOWLISTED"
"garnish_recipe_fa_1071_6e0696a6","garnish_recipe_fa_1071_6e0696a6","","dataset","dataset.repeated","ing_ground_beef_raw→ing_ground_lamb_raw","REPEATED_SENTENCE_ACROSS_DATASET","MEDIUM","SENTENCE_PATCH","ALLOWLISTED"
"garnish_recipe_fa_1209_7bd0ff68","garnish_recipe_fa_1209_7bd0ff68","","dataset","dataset.repeated","فلفلِ تازه‌آسیاب‌شده عطرِ بیشتری دارد","REPEATED_SENTENCE_ACROSS_DATASET","MEDIUM","SENTENCE_PATCH","ALLOWLISTED"
"garnish_recipe_fa_106_d9e3968a","garnish_recipe_fa_106_d9e3968a","","dataset","dataset.repeated","واقعی: روغن کانولا یا روغن مایع بی‌بو","REPEATED_SENTENCE_ACROSS_DATASET","MEDIUM","SENTENCE_PATCH","ALLOWLISTED"
"garnish_recipe_fa_1196_6cbbd3af","garnish_recipe_fa_1196_6cbbd3af","","dataset","dataset.repeated","چاشنی معطر برای تیزی و تعادل پایانی","REPEATED_SENTENCE_ACROSS_DATASET","MEDIUM","SENTENCE_PATCH","ALLOWLISTED"
"garnish_recipe_fa_119_2a846a21","garnish_recipe_fa_119_2a846a21","","dataset","dataset.repeated","۵ قاشق چای‌خوری (به‌مزه)","REPEATED_SENTENCE_ACROSS_DATASET","MEDIUM","SENTENCE_PATCH","ALLOWLISTED"
"garnish_recipe_intl_001_a95ca931","garnish_recipe_intl_001_a95ca931","","dataset","dataset.repeated","25 قاشق چای‌خوری (ضروری)","REPEATED_SENTENCE_ACROSS_DATASET","MEDIUM","SENTENCE_PATCH","ALLOWLISTED"
"garnish_recipe_fa_147_3b1b07c5","garnish_recipe_fa_147_3b1b07c5","","dataset","dataset.repeated","مقدار: ۱ قاشق چای‌خوری","REPEATED_SENTENCE_ACROSS_DATASET","MEDIUM","SENTENCE_PATCH","ALLOWLISTED"
"garnish_recipe_global_143_021_7cee5181","garnish_recipe_global_143_021_7cee5181","","dataset","dataset.repeated","چطور بفهمم آماده است؟","REPEATED_SENTENCE_ACROSS_DATASET","MEDIUM","SENTENCE_PATCH","ALLOWLISTED"
"garnish_recipe_global_143_124_ce358cac","garnish_recipe_global_143_124_ce358cac","","dataset","dataset.repeated","از نظر کیفی، این غذا بسته به مواد اصلی‌اش می‌تواند پروتئین‌محور، نشاسته‌محور یا چرب و مجلسی باشد؛ اندازهٔ سهم و همراه‌های سرو بیشترین اثر را روی سبک یا سنگین شدن وعده دارند","REPEATED_SENTENCE_ACROSS_DATASET","MEDIUM","SENTENCE_PATCH","ALLOWLISTED"
"meze50_11_crispy-feta-phyllo-bites","meze50_11_crispy-feta-phyllo-bites","","dataset","dataset.repeated","راز اصلی این است که ماده مرکزی را زیر سس، پنیر یا رویه دفن نکنید؛ نسبت‌ها باید طوری بمانند که اولین لقمه دقیقاً همین غذا را معرفی کند","REPEATED_SENTENCE_ACROSS_DATASET","MEDIUM","SENTENCE_PATCH","ALLOWLISTED"
"meze50_11_crispy-feta-phyllo-bites","meze50_11_crispy-feta-phyllo-bites","","dataset","dataset.repeated","نان پیتا، کراکر، سبزیجات خام، خیار، گوجه گیلاسی، چیپس پیتا، سالاد کوچک یا کنار چند مزه سرد و گرم دیگر","REPEATED_SENTENCE_ACROSS_DATASET","MEDIUM","SENTENCE_PATCH","ALLOWLISTED"
"meze50_11_crispy-feta-phyllo-bites","meze50_11_crispy-feta-phyllo-bites","","dataset","dataset.repeated","آماده‌سازی زودهنگام: بخش‌های خشک یا پرکن را می‌توان از قبل آماده کرد، اما مونتاژ نزدیک سرو بهتر است","REPEATED_SENTENCE_ACROSS_DATASET","MEDIUM","SENTENCE_PATCH","ALLOWLISTED"
"meze50_11_crispy-feta-phyllo-bites","meze50_11_crispy-feta-phyllo-bites","","dataset","dataset.repeated","گرم‌کردن یا سرو دوباره: غذاهای سرد گرم‌کردن ندارند؛ غذاهای پختنی را با فر یا تابه کوتاه گرم کنید","REPEATED_SENTENCE_ACROSS_DATASET","MEDIUM","SENTENCE_PATCH","ALLOWLISTED"
"meze50_11_crispy-feta-phyllo-bites","meze50_11_crispy-feta-phyllo-bites","","dataset","dataset.repeated","این مزه برای سرو اشتراکی طراحی شده و بهتر است مقدار هر نفر با اندازه لقمه یا قاشق سرو کنترل شود","REPEATED_SENTENCE_ACROSS_DATASET","MEDIUM","SENTENCE_PATCH","ALLOWLISTED"
"meze50_11_crispy-feta-phyllo-bites","meze50_11_crispy-feta-phyllo-bites","","dataset","dataset.repeated","مواد را دو برابر کنید، اما پخت یا مونتاژ را در دو نوبت انجام دهید تا سینی یا کاسه شلوغ نشود","REPEATED_SENTENCE_ACROSS_DATASET","MEDIUM","SENTENCE_PATCH","ALLOWLISTED"
"garnish_recipe_global_143_083_233e9bde","garnish_recipe_global_143_083_233e9bde","","dataset","dataset.repeated","این نسخه برای آشپز خانگی نوشته شده و روی نشانه‌های حسی، حرارت درست و زمان استراحت تکیه دارد","REPEATED_SENTENCE_ACROSS_DATASET","MEDIUM","SENTENCE_PATCH","ALLOWLISTED"
"garnish_recipe_fa_125_31716f89","garnish_recipe_fa_125_31716f89","","dataset","dataset.repeated","این عدد برای نمایش عمومی است و با اندازهٔ دقیق سهم و تغییر مقدار روغن یا سس جابه‌جا می‌شود","REPEATED_SENTENCE_ACROSS_DATASET","MEDIUM","SENTENCE_PATCH","ALLOWLISTED"
"garnish_recipe_fa_142_3215f0b5","garnish_recipe_fa_142_3215f0b5","","dataset","dataset.repeated","این توضیح برای درک عمومی ترکیب غذاست و با اندازهٔ سهم، روغن یا همراه‌های سرو تغییر می‌کند","REPEATED_SENTENCE_ACROSS_DATASET","MEDIUM","SENTENCE_PATCH","ALLOWLISTED"
"meze50_11_crispy-feta-phyllo-bites","meze50_11_crispy-feta-phyllo-bites","","dataset","dataset.repeated","ماده شاخص همین دستور را پررنگ نگه دارید و از اضافه‌کردن مواد رسپی نزدیک خودداری کنید","REPEATED_SENTENCE_ACROSS_DATASET","MEDIUM","SENTENCE_PATCH","ALLOWLISTED"
"garnish_recipe_fa_106_d9e3968a","garnish_recipe_fa_106_d9e3968a","","dataset","dataset.repeated","نکته خرید: تازه و خوش‌بو انتخاب شود؛ کیفیت ماده در دستورهای ساده بیشتر دیده می‌شود","REPEATED_SENTENCE_ACROSS_DATASET","MEDIUM","SENTENCE_PATCH","ALLOWLISTED"
"meze50_11_crispy-feta-phyllo-bites","meze50_11_crispy-feta-phyllo-bites","","dataset","dataset.repeated","بخش‌هایی از دستور بله، اما مونتاژ نهایی نزدیک سرو کیفیت بافت را بهتر نگه می‌دارد","REPEATED_SENTENCE_ACROSS_DATASET","MEDIUM","SENTENCE_PATCH","ALLOWLISTED"
"garnish_recipe_fa_100_ce2b0c24","garnish_recipe_fa_100_ce2b0c24","","dataset","dataset.repeated","نکته خرید: نوع خوش‌بو و تازه بگیرید؛ کهنگی در این ماده سریع خودش را نشان می‌دهد","REPEATED_SENTENCE_ACROSS_DATASET","MEDIUM","SENTENCE_PATCH","ALLOWLISTED"
"garnish_recipe_global_143_083_233e9bde","garnish_recipe_global_143_083_233e9bde","","dataset","dataset.repeated","مواد را طبق ترتیب دستور مخلوط کنید؛ هر جا بافت شکل گرفت، بیش از اندازه هم نزنید","REPEATED_SENTENCE_ACROSS_DATASET","MEDIUM","SENTENCE_PATCH","ALLOWLISTED"
"garnish_recipe_global_143_083_233e9bde","garnish_recipe_global_143_083_233e9bde","","dataset","dataset.repeated","بو، رنگ و بافت از ساعت مهم‌ترند؛ سطح باید جاافتاده و مرکز بیش از حد شل نباشد","REPEATED_SENTENCE_ACROSS_DATASET","MEDIUM","SENTENCE_PATCH","ALLOWLISTED"
"meze50_11_crispy-feta-phyllo-bites","meze50_11_crispy-feta-phyllo-bites","","dataset","dataset.repeated","رطوبت بخش پایه کنترل نشده؛ خشک‌کردن، آبکش‌کردن یا استراحت سرد را جدی بگیرید","REPEATED_SENTENCE_ACROSS_DATASET","MEDIUM","SENTENCE_PATCH","ALLOWLISTED"
"meze50_11_crispy-feta-phyllo-bites","meze50_11_crispy-feta-phyllo-bites","","dataset","dataset.repeated","فقط همان عنصر تند یا ترش دستور را کم‌وزیاد کنید تا غذا به مسیر دیگری نرود","REPEATED_SENTENCE_ACROSS_DATASET","MEDIUM","SENTENCE_PATCH","ALLOWLISTED"
"garnish_recipe_fa_106_d9e3968a","garnish_recipe_fa_106_d9e3968a","","dataset","dataset.repeated","این غذا بر اساس مواد فعلی، سهمی با انرژی و درشت‌مغذی‌های قابل توجه دارد","REPEATED_SENTENCE_ACROSS_DATASET","MEDIUM","SENTENCE_PATCH","ALLOWLISTED"
"meze50_11_crispy-feta-phyllo-bites","meze50_11_crispy-feta-phyllo-bites","","dataset","dataset.repeated","یخچال: در ظرف دربسته معمولاً 1 تا 2 روز قابل نگه‌داری است، با افت بافت","REPEATED_SENTENCE_ACROSS_DATASET","MEDIUM","SENTENCE_PATCH","ALLOWLISTED"
"meze50_11_crispy-feta-phyllo-bites","meze50_11_crispy-feta-phyllo-bites","","dataset","dataset.repeated","عنصر تعادل‌دهنده مثل لیمو، ماست، عسل یا خامه ترش درست استفاده نشده است","REPEATED_SENTENCE_ACROSS_DATASET","MEDIUM","SENTENCE_PATCH","ALLOWLISTED"
"garnish_recipe_global_143_083_233e9bde","garnish_recipe_global_143_083_233e9bde","","dataset","dataset.repeated","قبل از برش یا سرو، کمی زمان بدهید تا بافت جا بیفتد و طعم‌ها آرام شوند","REPEATED_SENTENCE_ACROSS_DATASET","MEDIUM","SENTENCE_PATCH","ALLOWLISTED"
"garnish_recipe_fa_1554_6e31eecc","garnish_recipe_fa_1554_6e31eecc","","dataset","dataset.repeated","شیر تازه و سرد برای نوشیدنی سرد، یا شیر تازه برای گرم‌کردن انتخاب کن","REPEATED_SENTENCE_ACROSS_DATASET","MEDIUM","SENTENCE_PATCH","ALLOWLISTED"
"meze50_11_crispy-feta-phyllo-bites","meze50_11_crispy-feta-phyllo-bites","","dataset","dataset.repeated","اندازه لقمه را برای مهمانی کوچک‌تر کنید، اما ترکیب اصلی را عوض نکنید","REPEATED_SENTENCE_ACROSS_DATASET","MEDIUM","SENTENCE_PATCH","ALLOWLISTED"
"meze50_11_crispy-feta-phyllo-bites","meze50_11_crispy-feta-phyllo-bites","","dataset","dataset.repeated","معمولاً رطوبت کنترل نشده یا مرحله سردکردن/برشته‌کردن کوتاه بوده است","REPEATED_SENTENCE_ACROSS_DATASET","MEDIUM","SENTENCE_PATCH","ALLOWLISTED"
"meze50_11_crispy-feta-phyllo-bites","meze50_11_crispy-feta-phyllo-bites","","dataset","dataset.repeated","فریز: برای اغلب مزه‌های لبنی، سبزیجات خام یا سوخاری پیشنهاد نمی‌شود","REPEATED_SENTENCE_ACROSS_DATASET","MEDIUM","SENTENCE_PATCH","ALLOWLISTED"
"meze50_11_crispy-feta-phyllo-bites","meze50_11_crispy-feta-phyllo-bites","","dataset","dataset.repeated","شدت تندی، ترشی یا شیرینی را در همان چارچوب مواد دستور کم‌وزیاد کنید","REPEATED_SENTENCE_ACROSS_DATASET","MEDIUM","SENTENCE_PATCH","ALLOWLISTED"
"meze50_11_crispy-feta-phyllo-bites","meze50_11_crispy-feta-phyllo-bites","","dataset","dataset.repeated","برای سرو رسمی‌تر، رویه را کم و تمیز نگه دارید تا بافت اصلی دیده شود","REPEATED_SENTENCE_ACROSS_DATASET","MEDIUM","SENTENCE_PATCH","ALLOWLISTED"
"garnish_recipe_fa_106_d9e3968a","garnish_recipe_fa_106_d9e3968a","","dataset","dataset.repeated","واقعی: اگر جایگزین هم‌نقش مطمئن ندارید، بهتر است حذف یا تعویض نشود","REPEATED_SENTENCE_ACROSS_DATASET","MEDIUM","SENTENCE_PATCH","ALLOWLISTED"
"meze50_11_crispy-feta-phyllo-bites","meze50_11_crispy-feta-phyllo-bites","","dataset","dataset.repeated","اندازه یا مقدار پرکن زیاد است؛ لقمه را کوچک‌تر و سفت‌تر بسازید","REPEATED_SENTENCE_ACROSS_DATASET","MEDIUM","SENTENCE_PATCH","ALLOWLISTED"
"garnish_recipe_global_143_083_233e9bde","garnish_recipe_global_143_083_233e9bde","","dataset","dataset.repeated","اگر شیرینی زیاد است، کمی چاشنی ترش یا مغز خام تعادل می‌دهد","REPEATED_SENTENCE_ACROSS_DATASET","MEDIUM","SENTENCE_PATCH","ALLOWLISTED"
"garnish_recipe_fa_128_80595bf3","garnish_recipe_fa_128_80595bf3","","dataset","dataset.repeated","نکته خرید: ادویه و سبزی خشک تازه‌تر، عطر واضح‌تری می‌دهد","REPEATED_SENTENCE_ACROSS_DATASET","MEDIUM","SENTENCE_PATCH","ALLOWLISTED"
"garnish_recipe_global_143_083_233e9bde","garnish_recipe_global_143_083_233e9bde","","dataset","dataset.repeated","کمی بله، اما کاهش زیاد روی رنگ، بافت و قوام اثر می‌گذارد","REPEATED_SENTENCE_ACROSS_DATASET","MEDIUM","SENTENCE_PATCH","ALLOWLISTED"
"garnish_recipe_global_143_083_233e9bde","garnish_recipe_global_143_083_233e9bde","","dataset","dataset.repeated","مواد خشک و تر را جدا آماده کنید تا هنگام پخت معطل نشوید","REPEATED_SENTENCE_ACROSS_DATASET","MEDIUM","SENTENCE_PATCH","ALLOWLISTED"
"garnish_recipe_global_143_083_233e9bde","garnish_recipe_global_143_083_233e9bde","","dataset","dataset.repeated","برای بافت لطیف‌تر، مواد لبنی را خیلی سرد استفاده نکنید","REPEATED_SENTENCE_ACROSS_DATASET","MEDIUM","SENTENCE_PATCH","ALLOWLISTED"
"garnish_recipe_global_143_083_233e9bde","garnish_recipe_global_143_083_233e9bde","","dataset","dataset.repeated","اندازه‌گیری دقیق در دسرها مهم‌تر از غذاهای روزمره است","REPEATED_SENTENCE_ACROSS_DATASET","MEDIUM","SENTENCE_PATCH","ALLOWLISTED"
"garnish_recipe_global_143_083_233e9bde","garnish_recipe_global_143_083_233e9bde","","dataset","dataset.repeated","حرارت زیاد، بیرون را می‌سوزاند و داخل را خام می‌گذارد","REPEATED_SENTENCE_ACROSS_DATASET","MEDIUM","SENTENCE_PATCH","ALLOWLISTED"
"garnish_recipe_global_143_083_233e9bde","garnish_recipe_global_143_083_233e9bde","","dataset","dataset.repeated","در ظرف تمیز، با تزئین ساده و مقدار کنترل‌شده سرو شود","REPEATED_SENTENCE_ACROSS_DATASET","MEDIUM","SENTENCE_PATCH","ALLOWLISTED"
"garnish_recipe_global_143_041_33abbd3b","garnish_recipe_global_143_041_33abbd3b","","dataset","dataset.repeated","نکته خرید: آب تمیز و بدون بوی کلر شدید استفاده کنید","REPEATED_SENTENCE_ACROSS_DATASET","MEDIUM","SENTENCE_PATCH","ALLOWLISTED"
"garnish_recipe_fa_182_37f081ea","garnish_recipe_fa_182_37f081ea","","dataset","dataset.repeated","کره نمک‌دار فقط با کاهش نمک دستور قابل استفاده است","REPEATED_SENTENCE_ACROSS_DATASET","MEDIUM","SENTENCE_PATCH","ALLOWLISTED"
"garnish_recipe_fa_182_37f081ea","garnish_recipe_fa_182_37f081ea","","dataset","dataset.repeated","نکته خرید: کره تازه و بدون بوی یخچال انتخاب کنید","REPEATED_SENTENCE_ACROSS_DATASET","MEDIUM","SENTENCE_PATCH","ALLOWLISTED"
"garnish_recipe_global_143_083_233e9bde","garnish_recipe_global_143_083_233e9bde","","dataset","dataset.repeated","سرو خیلی فوری می‌تواند دسر را شل یا ناپایدار کند","REPEATED_SENTENCE_ACROSS_DATASET","MEDIUM","SENTENCE_PATCH","ALLOWLISTED"
"garnish_recipe_global_143_124_ce358cac","garnish_recipe_global_143_124_ce358cac","","dataset","dataset.repeated","عدد کالری برای نمایش فعلی این رسپی ثبت نشده است","REPEATED_SENTENCE_ACROSS_DATASET","MEDIUM","SENTENCE_PATCH","ALLOWLISTED"
"garnish_recipe_global_143_024_194514e6","garnish_recipe_global_143_024_194514e6","","dataset","dataset.repeated","بیسکویت ساده کیک کم‌شیرین صبحانه یا عصرانه سبک","REPEATED_SENTENCE_ACROSS_DATASET","MEDIUM","SENTENCE_PATCH","ALLOWLISTED"
"meze50_11_crispy-feta-phyllo-bites","meze50_11_crispy-feta-phyllo-bites","","dataset","dataset.repeated","حفظ هویت همین دستور در طعم، بافت و فرم سرو","REPEATED_SENTENCE_ACROSS_DATASET","MEDIUM","SENTENCE_PATCH","ALLOWLISTED"
"garnish_recipe_global_143_012_17b7b915","garnish_recipe_global_143_012_17b7b915","","dataset","dataset.repeated","نکته خرید: آب تمیز و بدون بو استفاده کنید","REPEATED_SENTENCE_ACROSS_DATASET","MEDIUM","SENTENCE_PATCH","ALLOWLISTED"
"garnish_recipe_global_143_083_233e9bde","garnish_recipe_global_143_083_233e9bde","","dataset","dataset.repeated","برش زودهنگام، شکل دسر را خراب می‌کند","REPEATED_SENTENCE_ACROSS_DATASET","MEDIUM","SENTENCE_PATCH","ALLOWLISTED"
"garnish_recipe_global_143_083_233e9bde","garnish_recipe_global_143_083_233e9bde","","dataset","dataset.repeated","دسر را قبل از برش کمی استراحت دهید","REPEATED_SENTENCE_ACROSS_DATASET","MEDIUM","SENTENCE_PATCH","ALLOWLISTED"
"garnish_recipe_global_143_083_233e9bde","garnish_recipe_global_143_083_233e9bde","","dataset","dataset.repeated","هم‌زدن زیاد، بافت را متراکم می‌کند","REPEATED_SENTENCE_ACROSS_DATASET","MEDIUM","SENTENCE_PATCH","ALLOWLISTED"
"garnish_recipe_global_143_083_233e9bde","garnish_recipe_global_143_083_233e9bde","","dataset","dataset.repeated","قبل از شروع، همه مواد را وزن کنید","REPEATED_SENTENCE_ACROSS_DATASET","MEDIUM","SENTENCE_PATCH","ALLOWLISTED"
"garnish_recipe_global_143_041_33abbd3b","garnish_recipe_global_143_041_33abbd3b","","dataset","dataset.repeated","زمان این مرحله حدود 10 دقیقه است","REPEATED_SENTENCE_ACROSS_DATASET","MEDIUM","SENTENCE_PATCH","ALLOWLISTED"
"meze50_11_crispy-feta-phyllo-bites","meze50_11_crispy-feta-phyllo-bites","","dataset","dataset.repeated","ساخت بافت مناسب برای سرو لقمه‌ای","REPEATED_SENTENCE_ACROSS_DATASET","MEDIUM","SENTENCE_PATCH","ALLOWLISTED"
"garnish_recipe_global_143_083_233e9bde","garnish_recipe_global_143_083_233e9bde","","dataset","dataset.repeated","هم‌زدن زیاد بافت را سنگین می‌کند","REPEATED_SENTENCE_ACROSS_DATASET","MEDIUM","SENTENCE_PATCH","ALLOWLISTED"
"garnish_recipe_fa_1519_9d69f5f1","garnish_recipe_fa_1519_9d69f5f1","","dataset","dataset.repeated","آزادکردن عطر بدون تلخ‌کردن مواد","REPEATED_SENTENCE_ACROSS_DATASET","MEDIUM","SENTENCE_PATCH","ALLOWLISTED"
"meze50_11_crispy-feta-phyllo-bites","meze50_11_crispy-feta-phyllo-bites","","dataset","dataset.repeated","زمان‌بندی اضافه‌کردن رویه یا سس","REPEATED_SENTENCE_ACROSS_DATASET","MEDIUM","SENTENCE_PATCH","ALLOWLISTED"
"garnish_recipe_fa_106_d9e3968a","garnish_recipe_fa_106_d9e3968a","","dataset","dataset.repeated","ابزار مناسب: همان ابزار مرحله","REPEATED_SENTENCE_ACROSS_DATASET","MEDIUM","SENTENCE_PATCH","ALLOWLISTED"
"garnish_recipe_fa_1519_9d69f5f1","garnish_recipe_fa_1519_9d69f5f1","","dataset","dataset.repeated","کنترل نسبت پایه و رقیق‌کننده","REPEATED_SENTENCE_ACROSS_DATASET","MEDIUM","SENTENCE_PATCH","ALLOWLISTED"
"meze50_11_crispy-feta-phyllo-bites","meze50_11_crispy-feta-phyllo-bites","","dataset","dataset.repeated","سینی یا تابه متناسب با دستور","REPEATED_SENTENCE_ACROSS_DATASET","MEDIUM","SENTENCE_PATCH","ALLOWLISTED"
"garnish_recipe_global_143_083_233e9bde","garnish_recipe_global_143_083_233e9bde","","dataset","dataset.repeated","می‌توان مقدار شکر را کم کرد؟","REPEATED_SENTENCE_ACROSS_DATASET","MEDIUM","SENTENCE_PATCH","ALLOWLISTED"
"meze50_11_crispy-feta-phyllo-bites","meze50_11_crispy-feta-phyllo-bites","","dataset","dataset.repeated","غذا به رسپی مشابه نزدیک شده","REPEATED_SENTENCE_ACROSS_DATASET","MEDIUM","SENTENCE_PATCH","ALLOWLISTED"
"meze50_11_crispy-feta-phyllo-bites","meze50_11_crispy-feta-phyllo-bites","","dataset","dataset.repeated","لقمه روی میز تمیز نمی‌ماند","REPEATED_SENTENCE_ACROSS_DATASET","MEDIUM","SENTENCE_PATCH","ALLOWLISTED"
"garnish_recipe_global_143_083_233e9bde","garnish_recipe_global_143_083_233e9bde","","dataset","dataset.repeated","حرارت را تدریجی نگه دارید","REPEATED_SENTENCE_ACROSS_DATASET","MEDIUM","SENTENCE_PATCH","ALLOWLISTED"
"garnish_recipe_fa_104_7b4ced78","garnish_recipe_fa_104_7b4ced78","","dataset","dataset.repeated","تازه آسیاب‌شده بهتر است","REPEATED_SENTENCE_ACROSS_DATASET","MEDIUM","SENTENCE_PATCH","ALLOWLISTED"
"garnish_recipe_fa_2056_099d047a","garnish_recipe_fa_2056_099d047a","","dataset","dataset.repeated","بی‌دخالت: حدود ۲۰ دقیقه","REPEATED_SENTENCE_ACROSS_DATASET","MEDIUM","SENTENCE_PATCH","ALLOWLISTED"
"garnish_recipe_fa_1519_9d69f5f1","garnish_recipe_fa_1519_9d69f5f1","","dataset","dataset.repeated","سرو فوری در بهترین دما","REPEATED_SENTENCE_ACROSS_DATASET","MEDIUM","SENTENCE_PATCH","ALLOWLISTED"
"garnish_recipe_fa_113_2a1debd0","garnish_recipe_fa_113_2a1debd0","","dataset","dataset.repeated","مقدار: 2 قاشق غذاخوری","REPEATED_SENTENCE_ACROSS_DATASET","MEDIUM","SENTENCE_PATCH","ALLOWLISTED"
"garnish_recipe_fa_1519_9d69f5f1","garnish_recipe_fa_1519_9d69f5f1","","dataset","dataset.repeated","کار با یخ و لیوان سرد","REPEATED_SENTENCE_ACROSS_DATASET","MEDIUM","SENTENCE_PATCH","ALLOWLISTED"
"meze50_11_crispy-feta-phyllo-bites","meze50_11_crispy-feta-phyllo-bites","","dataset","dataset.repeated","کنترل رطوبت بخش پایه","REPEATED_SENTENCE_ACROSS_DATASET","MEDIUM","SENTENCE_PATCH","ALLOWLISTED"
"meze50_11_crispy-feta-phyllo-bites","meze50_11_crispy-feta-phyllo-bites","","dataset","dataset.repeated","سرو تمیز روی میز مزه","REPEATED_SENTENCE_ACROSS_DATASET","MEDIUM","SENTENCE_PATCH","ALLOWLISTED"
"garnish_recipe_global_143_005_6deeb347","garnish_recipe_global_143_005_6deeb347","","dataset","dataset.repeated","از نظر کیفی، سهم اصلی سیری و انرژی از مواد پایهٔ همین غذا و روش پخت آن می‌آید، بدون ادعای درمانی یا رژیمی","REPEATED_SENTENCE_ACROSS_DATASET","MEDIUM","SENTENCE_PATCH","ALLOWLISTED"
"garnish_recipe_fa_100_ce2b0c24","garnish_recipe_fa_100_ce2b0c24","","dataset","dataset.repeated","نکته خرید: تازه، هم‌اندازه و با بوی طبیعی انتخاب کنید؛ چربی متعادل به آبداری کمک می‌کند","REPEATED_SENTENCE_ACROSS_DATASET","MEDIUM","SENTENCE_PATCH","ALLOWLISTED"
"garnish_recipe_global_143_005_6deeb347","garnish_recipe_global_143_005_6deeb347","","dataset","dataset.repeated","اطلاعات عددی تغذیه‌ای برای این دستور موجود نیست؛ بنابراین عددی ساخته نمی‌شود","REPEATED_SENTENCE_ACROSS_DATASET","MEDIUM","SENTENCE_PATCH","ALLOWLISTED"
"garnish_recipe_fa_1780_c3b8ce04","garnish_recipe_fa_1780_c3b8ce04","","dataset","dataset.repeated","این توضیح فقط برای شناخت کلی ترکیب غذاست و جای توصیهٔ تخصصی تغذیه‌ای نیست","REPEATED_SENTENCE_ACROSS_DATASET","MEDIUM","SENTENCE_PATCH","ALLOWLISTED"
"garnish_recipe_fa_125_31716f89","garnish_recipe_fa_125_31716f89","","dataset","dataset.repeated","نکته خرید: نوع خوش‌بو و تازه بگیرید؛ کهنگی عطر را کم و مزه را خاکی می‌کند","REPEATED_SENTENCE_ACROSS_DATASET","MEDIUM","SENTENCE_PATCH","ALLOWLISTED"
"garnish_recipe_fa_1289_dccb626e","garnish_recipe_fa_1289_dccb626e","","dataset","dataset.repeated","ریحان یا پونه فقط سبک نوشیدنی را عوض می‌کند؛ جایگزین کامل نیست","REPEATED_SENTENCE_ACROSS_DATASET","MEDIUM","SENTENCE_PATCH","ALLOWLISTED"
"garnish_recipe_global_143_040_dcfd7c46","garnish_recipe_global_143_040_dcfd7c46","","dataset","dataset.repeated","نمک دریا با دانه ریز ممکن است؛ مقدار را با شوری آن تنظیم کنید","REPEATED_SENTENCE_ACROSS_DATASET","MEDIUM","SENTENCE_PATCH","ALLOWLISTED"
"garnish_recipe_fa_124_c0616f8d","garnish_recipe_fa_124_c0616f8d","","dataset","dataset.repeated","نکته خرید: حبهٔ سفت، سفید و بدون جوانه انتخاب کنید","REPEATED_SENTENCE_ACROSS_DATASET","MEDIUM","SENTENCE_PATCH","ALLOWLISTED"
"garnish_recipe_fa_1747_23e0a898","garnish_recipe_fa_1747_23e0a898","","dataset","dataset.repeated","نکته خرید: سفت، تازه و بدون لکه یا پژمردگی بخرید","REPEATED_SENTENCE_ACROSS_DATASET","MEDIUM","SENTENCE_PATCH","ALLOWLISTED"
"garnish_recipe_fa_1195_4b547f19","garnish_recipe_fa_1195_4b547f19","","dataset","dataset.repeated","ing_ground_beef_raw→ing_lentils_dry","REPEATED_SENTENCE_ACROSS_DATASET","MEDIUM","SENTENCE_PATCH","ALLOWLISTED"
"garnish_recipe_fa_100_ce2b0c24","garnish_recipe_fa_100_ce2b0c24","","dataset","dataset.repeated","پیاز سفید، با شیرینی و رنگ ملایم‌تر","REPEATED_SENTENCE_ACROSS_DATASET","MEDIUM","SENTENCE_PATCH","ALLOWLISTED"
"garnish_recipe_fa_1289_dccb626e","garnish_recipe_fa_1289_dccb626e","","dataset","dataset.repeated","برگ روشن، سالم و بدون لکه سیاه بگیر","REPEATED_SENTENCE_ACROSS_DATASET","MEDIUM","SENTENCE_PATCH","ALLOWLISTED"
"garnish_recipe_fa_1235_f91ccc6d","garnish_recipe_fa_1235_f91ccc6d","","dataset","dataset.repeated","در ظرفِ دربسته در یخچال ۳ تا ۴ روز","REPEATED_SENTENCE_ACROSS_DATASET","MEDIUM","SENTENCE_PATCH","ALLOWLISTED"
"garnish_recipe_global_143_065_c4cb085e","garnish_recipe_global_143_065_c4cb085e","","dataset","dataset.repeated","زمان این مرحله حدود 8 دقیقه است","REPEATED_SENTENCE_ACROSS_DATASET","MEDIUM","SENTENCE_PATCH","ALLOWLISTED"
"garnish_recipe_fa_1072_b55bdfe7","garnish_recipe_fa_1072_b55bdfe7","","dataset","dataset.repeated","ing_potato_raw→ing_carrot_raw","REPEATED_SENTENCE_ACROSS_DATASET","MEDIUM","SENTENCE_PATCH","ALLOWLISTED"
"garnish_recipe_fa_105_606b3bee","garnish_recipe_fa_105_606b3bee","","dataset","dataset.repeated","فلفل سفید مزه متفاوت می‌دهد","REPEATED_SENTENCE_ACROSS_DATASET","MEDIUM","SENTENCE_PATCH","ALLOWLISTED"
"garnish_recipe_fa_1196_6cbbd3af","garnish_recipe_fa_1196_6cbbd3af","","dataset","dataset.repeated","گوشت چرخ‌کرده گاو خام","REPEATED_SENTENCE_ACROSS_DATASET","MEDIUM","SENTENCE_PATCH","ALLOWLISTED"
"garnish_recipe_fa_101_877a41d3","garnish_recipe_fa_101_877a41d3","","dataset","dataset.repeated","نگینی یا نازک خردشده","REPEATED_SENTENCE_ACROSS_DATASET","MEDIUM","SENTENCE_PATCH","ALLOWLISTED"
"garnish_recipe_global_143_043_4f0736e0","garnish_recipe_global_143_043_4f0736e0","","dataset","dataset.repeated","برای این دستور عدد کالری قابل نمایش در دادهٔ فعلی وجود ندارد؛ از نظر کیفی، انرژی غذا بیشتر از ترکیب نشاسته/چربی/شیرینی یا پروتئین اصلی آن می‌آید و بهتر است در اندازهٔ سرو کنترل‌شده مصرف شود","REPEATED_SENTENCE_ACROSS_DATASET","MEDIUM","SENTENCE_PATCH","ALLOWLISTED"
"garnish_recipe_fa_128_80595bf3","garnish_recipe_fa_128_80595bf3","","dataset","dataset.repeated","این عدد برای نمایش عمومی است و با اندازهٔ سهم و تغییر مقدار روغن، سس یا همراه غذا تغییر می‌کند","REPEATED_SENTENCE_ACROSS_DATASET","MEDIUM","SENTENCE_PATCH","ALLOWLISTED"
"garnish_recipe_global_143_122_fef6d7d8","garnish_recipe_global_143_122_fef6d7d8","","dataset","dataset.repeated","نکته خرید: حبه‌های سفت و بدون جوانه انتخاب کنید؛ جوانه سبز تلخی خام دارد","REPEATED_SENTENCE_ACROSS_DATASET","MEDIUM","SENTENCE_PATCH","ALLOWLISTED"
"garnish_recipe_fa_1208_434b3a9a","garnish_recipe_fa_1208_434b3a9a","","dataset","dataset.repeated","در ظرفِ دربسته در یخچال (≤۴ درجه) تا ۳ تا ۴ روز","REPEATED_SENTENCE_ACROSS_DATASET","MEDIUM","SENTENCE_PATCH","ALLOWLISTED"
"garnish_recipe_global_143_005_6deeb347","garnish_recipe_global_143_005_6deeb347","","dataset","dataset.repeated","یخچال: تا ۳ روز در یخچال در ظرف دربسته می‌ماند","REPEATED_SENTENCE_ACROSS_DATASET","MEDIUM","SENTENCE_PATCH","ALLOWLISTED"
"garnish_recipe_global_143_053_7f9d9df9","garnish_recipe_global_143_053_7f9d9df9","","dataset","dataset.repeated","نکته خرید: سیر سفت و بدون جوانه سبز بخرید","REPEATED_SENTENCE_ACROSS_DATASET","MEDIUM","SENTENCE_PATCH","ALLOWLISTED"
"garnish_recipe_fa_1510_2d1f8557","garnish_recipe_fa_1510_2d1f8557","","dataset","dataset.repeated","لیمو سنگین، پوست نازک و خوش‌بو انتخاب کن","REPEATED_SENTENCE_ACROSS_DATASET","MEDIUM","SENTENCE_PATCH","ALLOWLISTED"
"garnish_recipe_fa_112_9764d4aa","garnish_recipe_fa_112_9764d4aa","","dataset","dataset.repeated","شالوت یا تره‌فرنگی (هم‌نقشِ پایهٔ معطر)","REPEATED_SENTENCE_ACROSS_DATASET","MEDIUM","SENTENCE_PATCH","ALLOWLISTED"
"garnish_recipe_fa_101_877a41d3","garnish_recipe_fa_101_877a41d3","","dataset","dataset.repeated","ing_lamb_meat_raw→ing_veal_meat_raw","REPEATED_SENTENCE_ACROSS_DATASET","MEDIUM","SENTENCE_PATCH","ALLOWLISTED"
"garnish_recipe_fa_183_6fb2ab4a","garnish_recipe_fa_183_6fb2ab4a","","dataset","dataset.repeated","جایگزین واقعی برای این ساختار ندارد","REPEATED_SENTENCE_ACROSS_DATASET","MEDIUM","SENTENCE_PATCH","ALLOWLISTED"
"garnish_recipe_global_143_028_d4b2bfd8","garnish_recipe_global_143_028_d4b2bfd8","","dataset","dataset.repeated","یخ شفاف و بدون بوی فریزر استفاده کن","REPEATED_SENTENCE_ACROSS_DATASET","MEDIUM","SENTENCE_PATCH","ALLOWLISTED"
"garnish_recipe_fa_177_c8caf164","garnish_recipe_fa_177_c8caf164","","dataset","dataset.repeated","جایگزین واقعی در این دستور ندارد","REPEATED_SENTENCE_ACROSS_DATASET","MEDIUM","SENTENCE_PATCH","ALLOWLISTED"
"garnish_recipe_global_143_046_b111554d","garnish_recipe_global_143_046_b111554d","","dataset","dataset.repeated","زمان این مرحله حدود 12 دقیقه است","REPEATED_SENTENCE_ACROSS_DATASET","MEDIUM","SENTENCE_PATCH","ALLOWLISTED"
"garnish_recipe_fa_1071_6e0696a6","garnish_recipe_fa_1071_6e0696a6","","dataset","dataset.repeated","فلفل تازه‌آسیاب عطر بیشتری دارد","REPEATED_SENTENCE_ACROSS_DATASET","MEDIUM","SENTENCE_PATCH","ALLOWLISTED"
"garnish_recipe_global_143_042_f549dcd3","garnish_recipe_global_143_042_f549dcd3","","dataset","dataset.repeated","زمان این مرحله حدود 5 دقیقه است","REPEATED_SENTENCE_ACROSS_DATASET","MEDIUM","SENTENCE_PATCH","ALLOWLISTED"
"garnish_recipe_fa_104_7b4ced78","garnish_recipe_fa_104_7b4ced78","","dataset","dataset.repeated","رنده‌شده یا ریز خردشده","REPEATED_SENTENCE_ACROSS_DATASET","MEDIUM","SENTENCE_PATCH","ALLOWLISTED"
"garnish_recipe_fa_106_d9e3968a","garnish_recipe_fa_106_d9e3968a","","dataset","dataset.repeated","واقعی: نمک دریایی ریز","REPEATED_SENTENCE_ACROSS_DATASET","MEDIUM","SENTENCE_PATCH","ALLOWLISTED"
"garnish_recipe_global_143_024_194514e6","garnish_recipe_global_143_024_194514e6","","dataset","dataset.repeated","⏲ آماده‌سازی زودهنگام: پایه خشک یا مواد را از قبل آماده کن؛ خود نوشیدنی گرم بهتر است همان لحظه ساخته شود","REPEATED_SENTENCE_ACROSS_DATASET","MEDIUM","SENTENCE_PATCH","ALLOWLISTED"
"garnish_recipe_fa_124_c0616f8d","garnish_recipe_fa_124_c0616f8d","","dataset","dataset.repeated","نکته خرید: پیاز سفت، سنگین و بدون جوانه انتخاب کنید؛ پیاز جوانه‌زده تندی نامطلوب می‌دهد","REPEATED_SENTENCE_ACROSS_DATASET","MEDIUM","SENTENCE_PATCH","ALLOWLISTED"
"garnish_recipe_global_143_024_194514e6","garnish_recipe_global_143_024_194514e6","","dataset","dataset.repeated","گرم‌کردن: گرم‌کردن دوباره فقط با حرارت ملایم ممکن است، اما کیفیت فنجان تازه را ندارد","REPEATED_SENTENCE_ACROSS_DATASET","MEDIUM","SENTENCE_PATCH","ALLOWLISTED"
"garnish_recipe_fa_124_c0616f8d","garnish_recipe_fa_124_c0616f8d","","dataset","dataset.repeated","پیاز سفید یا زرد بسته به غذا نزدیک است؛ حذف آن عمق سس یا مایه را کم می‌کند","REPEATED_SENTENCE_ACROSS_DATASET","MEDIUM","SENTENCE_PATCH","ALLOWLISTED"
"garnish_recipe_fa_1747_23e0a898","garnish_recipe_fa_1747_23e0a898","","dataset","dataset.repeated","نکته خرید: تازه و خوش‌بو انتخاب کنید و به تاریخ مصرف و بافت سالم دقت کنید","REPEATED_SENTENCE_ACROSS_DATASET","MEDIUM","SENTENCE_PATCH","ALLOWLISTED"
"garnish_recipe_global_143_024_194514e6","garnish_recipe_global_143_024_194514e6","","dataset","dataset.repeated","یخچال: ماندن نوشیدنی آماده در یخچال پیشنهاد نمی‌شود؛ عطر و کف افت می‌کند","REPEATED_SENTENCE_ACROSS_DATASET","MEDIUM","SENTENCE_PATCH","ALLOWLISTED"
"garnish_recipe_global_143_012_17b7b915","garnish_recipe_global_143_012_17b7b915","","dataset","dataset.repeated","نمک دریا با دانه ریز قابل استفاده است؛ مقدار را با شوری آن هماهنگ کنید","REPEATED_SENTENCE_ACROSS_DATASET","MEDIUM","SENTENCE_PATCH","ALLOWLISTED"
"garnish_recipe_global_143_017_5b23f5df","garnish_recipe_global_143_017_5b23f5df","","dataset","dataset.repeated","شکر قهوه‌ای عطر ملاس می‌دهد و در همهٔ این دستورها جایگزین بی‌اثر نیست","REPEATED_SENTENCE_ACROSS_DATASET","MEDIUM","SENTENCE_PATCH","ALLOWLISTED"
"garnish_recipe_fa_106_d9e3968a","garnish_recipe_fa_106_d9e3968a","","dataset","dataset.repeated","نکته خرید: تکه‌های تازه و هم‌اندازه انتخاب کنید تا پخت یکنواخت بماند","REPEATED_SENTENCE_ACROSS_DATASET","MEDIUM","SENTENCE_PATCH","ALLOWLISTED"
"garnish_recipe_fa_124_c0616f8d","garnish_recipe_fa_124_c0616f8d","","dataset","dataset.repeated","نکته خرید: نمک یکنواخت و خشک استفاده کنید تا مقداردهی دقیق‌تر باشد","REPEATED_SENTENCE_ACROSS_DATASET","MEDIUM","SENTENCE_PATCH","ALLOWLISTED"
"garnish_recipe_global_143_049_9785e6eb","garnish_recipe_global_143_049_9785e6eb","","dataset","dataset.repeated","نکته خرید: کره تازه و بی‌بو بخرید؛ کره شور کنترل نمک را سخت می‌کند","REPEATED_SENTENCE_ACROSS_DATASET","MEDIUM","SENTENCE_PATCH","ALLOWLISTED"
"garnish_recipe_global_143_012_17b7b915","garnish_recipe_global_143_012_17b7b915","","dataset","dataset.repeated","نکته خرید: برگ سبز و شاداب بخرید؛ ساقه زرد یا لزج عطر بد می‌دهد","REPEATED_SENTENCE_ACROSS_DATASET","MEDIUM","SENTENCE_PATCH","ALLOWLISTED"
"garnish_recipe_global_143_017_5b23f5df","garnish_recipe_global_143_017_5b23f5df","","dataset","dataset.repeated","نکته خرید: کره بی‌نمک بگیرید تا شوری دستور از کنترل خارج نشود","REPEATED_SENTENCE_ACROSS_DATASET","MEDIUM","SENTENCE_PATCH","ALLOWLISTED"
"garnish_recipe_global_143_012_17b7b915","garnish_recipe_global_143_012_17b7b915","","dataset","dataset.repeated","جعفری فقط تازگی می‌دهد، اما عطر گشنیز را کامل جایگزین نمی‌کند","REPEATED_SENTENCE_ACROSS_DATASET","MEDIUM","SENTENCE_PATCH","ALLOWLISTED"
"garnish_recipe_global_143_017_5b23f5df","garnish_recipe_global_143_017_5b23f5df","","dataset","dataset.repeated","نکته خرید: دانه‌ریز و خشک انتخاب کنید تا در مایه سریع حل شود","REPEATED_SENTENCE_ACROSS_DATASET","MEDIUM","SENTENCE_PATCH","ALLOWLISTED"
"garnish_recipe_global_143_040_dcfd7c46","garnish_recipe_global_143_040_dcfd7c46","","dataset","dataset.repeated","پودر سیر فقط در اضطرار؛ عطر تازه و رطوبت سیر خام را ندارد","REPEATED_SENTENCE_ACROSS_DATASET","MEDIUM","SENTENCE_PATCH","ALLOWLISTED"
"garnish_recipe_fa_1496_5705c3de","garnish_recipe_fa_1496_5705c3de","","dataset","dataset.repeated","ساختاردهنده؛ با گلوتن/نشاسته قوام یا پوسته می‌سازد","REPEATED_SENTENCE_ACROSS_DATASET","MEDIUM","SENTENCE_PATCH","ALLOWLISTED"
"garnish_recipe_fa_114_4d182f15","garnish_recipe_fa_114_4d182f15","","dataset","dataset.repeated","نکته خرید: نمک یکنواخت و بدون رطوبت استفاده کنید","REPEATED_SENTENCE_ACROSS_DATASET","MEDIUM","SENTENCE_PATCH","ALLOWLISTED"
"garnish_recipe_global_143_096_0e548c27","garnish_recipe_global_143_096_0e548c27","","dataset","dataset.repeated","پودر سیر عطر تازه و رطوبت سیر خام را کامل ندارد","REPEATED_SENTENCE_ACROSS_DATASET","MEDIUM","SENTENCE_PATCH","ALLOWLISTED"
"garnish_recipe_fa_91_a3224405","garnish_recipe_fa_91_a3224405","","dataset","dataset.repeated","نکته خرید: کره تازه و بی‌بوی یخچال انتخاب کنید","REPEATED_SENTENCE_ACROSS_DATASET","MEDIUM","SENTENCE_PATCH","ALLOWLISTED"
"garnish_recipe_fa_1196_6cbbd3af","garnish_recipe_fa_1196_6cbbd3af","","dataset","dataset.repeated","آروماتیک پایه؛ شیرینی و عطر اولیه را می‌سازد","REPEATED_SENTENCE_ACROSS_DATASET","MEDIUM","SENTENCE_PATCH","ALLOWLISTED"
"garnish_recipe_fa_1706_34be3c2d","garnish_recipe_fa_1706_34be3c2d","","dataset","dataset.repeated","نکته خرید: دارچین تازه و خوش‌بو انتخاب کنید","REPEATED_SENTENCE_ACROSS_DATASET","MEDIUM","SENTENCE_PATCH","ALLOWLISTED"
"garnish_recipe_fa_122_dc5bb310","garnish_recipe_fa_122_dc5bb310","","dataset","dataset.repeated","فلفل سفید تیزتر است و مزه را کمی عوض می‌کند","REPEATED_SENTENCE_ACROSS_DATASET","MEDIUM","SENTENCE_PATCH","ALLOWLISTED"
"garnish_recipe_fa_105_606b3bee","garnish_recipe_fa_105_606b3bee","","dataset","dataset.repeated","نکته خرید: حبه‌های سفت و بدون جوانه بگیرید","REPEATED_SENTENCE_ACROSS_DATASET","MEDIUM","SENTENCE_PATCH","ALLOWLISTED"
"garnish_recipe_fa_122_dc5bb310","garnish_recipe_fa_122_dc5bb310","","dataset","dataset.repeated","برای این نقش جایگزین دقیق و بی‌ریسک ندارد","REPEATED_SENTENCE_ACROSS_DATASET","MEDIUM","SENTENCE_PATCH","ALLOWLISTED"
"garnish_recipe_global_143_017_5b23f5df","garnish_recipe_global_143_017_5b23f5df","","dataset","dataset.repeated","مارگارین عطر و رفتار کره‌ای یکسانی ندارد","REPEATED_SENTENCE_ACROSS_DATASET","MEDIUM","SENTENCE_PATCH","ALLOWLISTED"
"garnish_recipe_fa_86_ffcd0713","garnish_recipe_fa_86_ffcd0713","","dataset","dataset.repeated","نکته خرید: نمک دانه‌ریز بهتر پخش می‌شود","REPEATED_SENTENCE_ACROSS_DATASET","MEDIUM","SENTENCE_PATCH","ALLOWLISTED"
"garnish_recipe_fa_105_606b3bee","garnish_recipe_fa_105_606b3bee","","dataset","dataset.repeated","بی‌دخالت: حدود ۲۰ دقیقه کار فعال","REPEATED_SENTENCE_ACROSS_DATASET","MEDIUM","SENTENCE_PATCH","ALLOWLISTED"
"garnish_recipe_fa_142_3215f0b5","garnish_recipe_fa_142_3215f0b5","","dataset","dataset.repeated","روغن خنثی مشابه قابل استفاده است","REPEATED_SENTENCE_ACROSS_DATASET","MEDIUM","SENTENCE_PATCH","ALLOWLISTED"
"garnish_recipe_fa_191_de46bbb6","garnish_recipe_fa_191_de46bbb6","","dataset","dataset.repeated","پودر سیر عطر تازه را کامل ندارد","REPEATED_SENTENCE_ACROSS_DATASET","MEDIUM","SENTENCE_PATCH","ALLOWLISTED"
"garnish_recipe_global_143_042_f549dcd3","garnish_recipe_global_143_042_f549dcd3","","dataset","dataset.repeated","زمان این مرحله حدود 3 دقیقه است","REPEATED_SENTENCE_ACROSS_DATASET","MEDIUM","SENTENCE_PATCH","ALLOWLISTED"
"garnish_recipe_global_143_042_f549dcd3","garnish_recipe_global_143_042_f549dcd3","","dataset","dataset.repeated","زمان این مرحله حدود 4 دقیقه است","REPEATED_SENTENCE_ACROSS_DATASET","MEDIUM","SENTENCE_PATCH","ALLOWLISTED"
"garnish_recipe_fa_1237_3dff9aba","garnish_recipe_fa_1237_3dff9aba","","dataset","dataset.repeated","از شب قبل خیسانده و آبکش‌شده","REPEATED_SENTENCE_ACROSS_DATASET","MEDIUM","SENTENCE_PATCH","ALLOWLISTED"
"garnish_recipe_fa_106_d9e3968a","garnish_recipe_fa_106_d9e3968a","","dataset","dataset.repeated","زمان راهنما: حدود 8 دقیقه","REPEATED_SENTENCE_ACROSS_DATASET","MEDIUM","SENTENCE_PATCH","ALLOWLISTED"
"garnish_recipe_fa_125_31716f89","garnish_recipe_fa_125_31716f89","","dataset","dataset.repeated","75 قاشق چای‌خوری (ضروری)","REPEATED_SENTENCE_ACROSS_DATASET","MEDIUM","SENTENCE_PATCH","ALLOWLISTED"
"garnish_recipe_fa_105_606b3bee","garnish_recipe_fa_105_606b3bee","","dataset","dataset.repeated","روغن خنثی مناسب سرخ‌کردن","REPEATED_SENTENCE_ACROSS_DATASET","MEDIUM","SENTENCE_PATCH","ALLOWLISTED"
"garnish_recipe_fa_1195_4b547f19","garnish_recipe_fa_1195_4b547f19","","dataset","dataset.repeated","خلالی یا نگینی خردشده","REPEATED_SENTENCE_ACROSS_DATASET","MEDIUM","SENTENCE_PATCH","ALLOWLISTED"
"garnish_recipe_fa_1484_ccebf63e","garnish_recipe_fa_1484_ccebf63e","","dataset","dataset.repeated","مقدار: ۲ قاشق غذاخوری","REPEATED_SENTENCE_ACROSS_DATASET","MEDIUM","SENTENCE_PATCH","ALLOWLISTED"
"garnish_recipe_fa_1519_9d69f5f1","garnish_recipe_fa_1519_9d69f5f1","","dataset","dataset.repeated","نعناع با فشار کوتاه روغن‌های معطرش را پس می‌دهد؛ له‌کردن طولانی کلروفیل و تلخی را وارد نوشیدنی می‌کند","REPEATED_SENTENCE_ACROSS_DATASET","MEDIUM","SENTENCE_PATCH","ALLOWLISTED"
"garnish_recipe_fa_124_c0616f8d","garnish_recipe_fa_124_c0616f8d","","dataset","dataset.repeated","نکته خرید: روغن تازه و مناسب حرارت انتخاب کنید؛ روغن مانده طعم سوخته می‌دهد","REPEATED_SENTENCE_ACROSS_DATASET","MEDIUM","SENTENCE_PATCH","ALLOWLISTED"
"garnish_recipe_global_143_041_33abbd3b","garnish_recipe_global_143_041_33abbd3b","","dataset","dataset.repeated","شکر قهوه‌ای عطر و رطوبت متفاوت می‌دهد و جایگزین مستقیم همه این دستورها نیست","REPEATED_SENTENCE_ACROSS_DATASET","MEDIUM","SENTENCE_PATCH","ALLOWLISTED"
"garnish_recipe_global_143_026_e631bbb6","garnish_recipe_global_143_026_e631bbb6","","dataset","dataset.repeated","زمان کافی عطر را آزاد می‌کند، اما ماندن بیش از حد تانن را جلو می‌اندازد","REPEATED_SENTENCE_ACROSS_DATASET","MEDIUM","SENTENCE_PATCH","ALLOWLISTED"
"garnish_recipe_global_143_065_c4cb085e","garnish_recipe_global_143_065_c4cb085e","","dataset","dataset.repeated","شکر قهوه‌ای عطر و رطوبت متفاوت می‌دهد و جایگزین مستقیم همه دستورها نیست","REPEATED_SENTENCE_ACROSS_DATASET","MEDIUM","SENTENCE_PATCH","ALLOWLISTED"
"garnish_recipe_global_143_124_ce358cac","garnish_recipe_global_143_124_ce358cac","","dataset","dataset.repeated","شالوت برای مقدار کم مناسب است، اما در غذاهای دیگی گران و کم‌حجم می‌شود","REPEATED_SENTENCE_ACROSS_DATASET","MEDIUM","SENTENCE_PATCH","ALLOWLISTED"
"garnish_recipe_fa_114_4d182f15","garnish_recipe_fa_114_4d182f15","","dataset","dataset.repeated","پیاز سفید یا زرد بسته به غذا نزدیک است؛ حذف آن بافت و عطر را کم می‌کند","REPEATED_SENTENCE_ACROSS_DATASET","MEDIUM","SENTENCE_PATCH","ALLOWLISTED"
"garnish_recipe_global_143_044_051125e5","garnish_recipe_global_143_044_051125e5","","dataset","dataset.repeated","آرد همه‌منظوره نزدیک‌ترین گزینه است؛ آرد سبوس‌دار بافت را سنگین می‌کند","REPEATED_SENTENCE_ACROSS_DATASET","MEDIUM","SENTENCE_PATCH","ALLOWLISTED"
"garnish_recipe_global_143_023_07bead9c","garnish_recipe_global_143_023_07bead9c","","dataset","dataset.repeated","نکته خرید: تخم‌مرغ تازه و هم‌دما با محیط برای دسرها بهتر مخلوط می‌شود","REPEATED_SENTENCE_ACROSS_DATASET","MEDIUM","SENTENCE_PATCH","ALLOWLISTED"
"garnish_recipe_global_143_124_ce358cac","garnish_recipe_global_143_124_ce358cac","","dataset","dataset.repeated","نکته خرید: پیاز زرد سفت و سالم بخرید؛ پیاز آبکی دیر طلایی می‌شود","REPEATED_SENTENCE_ACROSS_DATASET","MEDIUM","SENTENCE_PATCH","ALLOWLISTED"
"garnish_recipe_global_143_023_07bead9c","garnish_recipe_global_143_023_07bead9c","","dataset","dataset.repeated","جایگزین واقعی یکسان ندارد؛ حذف آن بافت را به‌وضوح تغییر می‌دهد","REPEATED_SENTENCE_ACROSS_DATASET","MEDIUM","SENTENCE_PATCH","ALLOWLISTED"
"garnish_recipe_fa_1519_9d69f5f1","garnish_recipe_fa_1519_9d69f5f1","","dataset","dataset.repeated","آب لیمو شکر را از حالت سنگین خارج می‌کند و عطری روشن می‌سازد","REPEATED_SENTENCE_ACROSS_DATASET","MEDIUM","SENTENCE_PATCH","ALLOWLISTED"
"garnish_recipe_global_143_026_e631bbb6","garnish_recipe_global_143_026_e631bbb6","","dataset","dataset.repeated","برگ چای، ماته یا پودر ماچا با آب خیلی داغ تلخی تند می‌دهد","REPEATED_SENTENCE_ACROSS_DATASET","MEDIUM","SENTENCE_PATCH","ALLOWLISTED"
"garnish_recipe_fa_106_d9e3968a","garnish_recipe_fa_106_d9e3968a","","dataset","dataset.repeated","واقعی: جایگزین مستقیم ندارد؛ حذف آن ساختار را عوض می‌کند","REPEATED_SENTENCE_ACROSS_DATASET","MEDIUM","SENTENCE_PATCH","ALLOWLISTED"
"garnish_recipe_fa_100_ce2b0c24","garnish_recipe_fa_100_ce2b0c24","","dataset","dataset.repeated","جایگزین دقیق ندارد؛ گوجهٔ تازه قوام و رنگ مشابه نمی‌دهد","REPEATED_SENTENCE_ACROSS_DATASET","MEDIUM","SENTENCE_PATCH","ALLOWLISTED"
"meze50_04_labneh-with-zaatar-and-olive-oil","meze50_04_labneh-with-zaatar-and-olive-oil","","dataset","dataset.repeated","گرم‌کردن یا سرو دوباره: گرم‌کردن ندارد؛ سرد سرو می‌شود","REPEATED_SENTENCE_ACROSS_DATASET","MEDIUM","SENTENCE_PATCH","ALLOWLISTED"
"garnish_recipe_global_143_124_ce358cac","garnish_recipe_global_143_124_ce358cac","","dataset","dataset.repeated","پودر سیر عطر تازه و بافت نرم‌شدهٔ بوته سیر را نمی‌دهد","REPEATED_SENTENCE_ACROSS_DATASET","MEDIUM","SENTENCE_PATCH","ALLOWLISTED"
"garnish_recipe_global_143_039_d8dc5a96","garnish_recipe_global_143_039_d8dc5a96","","dataset","dataset.repeated","شکر قهوه‌ای عطر ملاس می‌دهد و رنگ را تیره‌تر می‌کند","REPEATED_SENTENCE_ACROSS_DATASET","MEDIUM","SENTENCE_PATCH","ALLOWLISTED"
"garnish_recipe_fa_1554_6e31eecc","garnish_recipe_fa_1554_6e31eecc","","dataset","dataset.repeated","ادویه هم‌خانواده فقط نقش عطری دارد، نه جایگزین دقیق","REPEATED_SENTENCE_ACROSS_DATASET","MEDIUM","SENTENCE_PATCH","ALLOWLISTED"
"garnish_recipe_intl_026_b9f5a392","garnish_recipe_intl_026_b9f5a392","","dataset","dataset.repeated","نکته خرید: آرد تازه و بدون بوی ماندگی استفاده کنید","REPEATED_SENTENCE_ACROSS_DATASET","MEDIUM","SENTENCE_PATCH","ALLOWLISTED"
"garnish_recipe_global_143_065_c4cb085e","garnish_recipe_global_143_065_c4cb085e","","dataset","dataset.repeated","نکته خرید: شکر خشک و دانه‌ریز بخرید تا سریع حل شود","REPEATED_SENTENCE_ACROSS_DATASET","MEDIUM","SENTENCE_PATCH","ALLOWLISTED"
"garnish_recipe_global_143_026_e631bbb6","garnish_recipe_global_143_026_e631bbb6","","dataset","dataset.repeated","چای یا پودر تازه، خوش‌بو و بدون رطوبت انتخاب کن","REPEATED_SENTENCE_ACROSS_DATASET","MEDIUM","SENTENCE_PATCH","ALLOWLISTED"
"garnish_recipe_fa_1554_6e31eecc","garnish_recipe_fa_1554_6e31eecc","","dataset","dataset.repeated","ادویه تازه و خوش‌بو بگیر؛ پودر کهنه کم‌اثر است","REPEATED_SENTENCE_ACROSS_DATASET","MEDIUM","SENTENCE_PATCH","ALLOWLISTED"
"garnish_recipe_fa_1706_34be3c2d","garnish_recipe_fa_1706_34be3c2d","","dataset","dataset.repeated","نکته خرید: شکر خشک و ریزدانه سریع‌تر حل می‌شود","REPEATED_SENTENCE_ACROSS_DATASET","MEDIUM","SENTENCE_PATCH","ALLOWLISTED"
"garnish_recipe_fa_101_877a41d3","garnish_recipe_fa_101_877a41d3","","dataset","dataset.repeated","در ظرفِ دربسته در یخچال (≤۴ درجه) ۳ تا ۴ روز","REPEATED_SENTENCE_ACROSS_DATASET","MEDIUM","SENTENCE_PATCH","ALLOWLISTED"
"garnish_recipe_fa_182_37f081ea","garnish_recipe_fa_182_37f081ea","","dataset","dataset.repeated","نکته خرید: شکر خشک و دانه‌ریز بهتر حل می‌شود","REPEATED_SENTENCE_ACROSS_DATASET","MEDIUM","SENTENCE_PATCH","ALLOWLISTED"
"garnish_recipe_fa_1519_9d69f5f1","garnish_recipe_fa_1519_9d69f5f1","","dataset","dataset.repeated","نشانهٔ درست، ترشی تمیز بدون سوزش تند است","REPEATED_SENTENCE_ACROSS_DATASET","MEDIUM","SENTENCE_PATCH","ALLOWLISTED"
"garnish_recipe_global_143_026_e631bbb6","garnish_recipe_global_143_026_e631bbb6","","dataset","dataset.repeated","نشانهٔ درست، رنگ واضح بدون مزه سوخته است","REPEATED_SENTENCE_ACROSS_DATASET","MEDIUM","SENTENCE_PATCH","ALLOWLISTED"
"garnish_recipe_global_143_026_e631bbb6","garnish_recipe_global_143_026_e631bbb6","","dataset","dataset.repeated","زمان دم‌آوری، عطر را از تانن جدا می‌کند:","REPEATED_SENTENCE_ACROSS_DATASET","MEDIUM","SENTENCE_PATCH","ALLOWLISTED"
"garnish_recipe_global_143_026_e631bbb6","garnish_recipe_global_143_026_e631bbb6","","dataset","dataset.repeated","نشانهٔ درست، عطر مشخص بدون خشکی دهان است","REPEATED_SENTENCE_ACROSS_DATASET","MEDIUM","SENTENCE_PATCH","ALLOWLISTED"
"garnish_recipe_fa_125_31716f89","garnish_recipe_fa_125_31716f89","","dataset","dataset.repeated","پیاز سفید با شیرینی کمتر و رنگ ملایم‌تر","REPEATED_SENTENCE_ACROSS_DATASET","MEDIUM","SENTENCE_PATCH","ALLOWLISTED"
"garnish_recipe_fa_166_41ac7f2f","garnish_recipe_fa_166_41ac7f2f","","dataset","dataset.repeated","نکته خرید: فلفل سفت و براق انتخاب کنید","REPEATED_SENTENCE_ACROSS_DATASET","MEDIUM","SENTENCE_PATCH","ALLOWLISTED"
"garnish_recipe_fa_100_ce2b0c24","garnish_recipe_fa_100_ce2b0c24","","dataset","dataset.repeated","گوشت گوساله خورشتی، با زمان پخت بیشتر","REPEATED_SENTENCE_ACROSS_DATASET","MEDIUM","SENTENCE_PATCH","ALLOWLISTED"
"garnish_recipe_fa_1324_2b0dbfd9","garnish_recipe_fa_1324_2b0dbfd9","","dataset","dataset.repeated","ing_chicken_breast_raw→ing_tofu_firm","REPEATED_SENTENCE_ACROSS_DATASET","MEDIUM","SENTENCE_PATCH","ALLOWLISTED"
"garnish_recipe_fa_1519_9d69f5f1","garnish_recipe_fa_1519_9d69f5f1","","dataset","dataset.repeated","نشانهٔ درست، برگ سالم و بوی خنک است","REPEATED_SENTENCE_ACROSS_DATASET","MEDIUM","SENTENCE_PATCH","ALLOWLISTED"
"garnish_recipe_fa_1052_8bde566e","garnish_recipe_fa_1052_8bde566e","","dataset","dataset.repeated","در ظرف دربسته در یخچال ۳ تا ۴ روز","REPEATED_SENTENCE_ACROSS_DATASET","MEDIUM","SENTENCE_PATCH","ALLOWLISTED"
"garnish_recipe_fa_1519_9d69f5f1","garnish_recipe_fa_1519_9d69f5f1","","dataset","dataset.repeated","برگ سبز، عطر آزاد می‌کند نه رنگ:","REPEATED_SENTENCE_ACROSS_DATASET","MEDIUM","SENTENCE_PATCH","ALLOWLISTED"
"garnish_recipe_fa_1306_a212d523","garnish_recipe_fa_1306_a212d523","","dataset","dataset.repeated","ملایم‌تر و کمی شیرین‌تر؛ هم‌نقش","REPEATED_SENTENCE_ACROSS_DATASET","MEDIUM","SENTENCE_PATCH","ALLOWLISTED"
"garnish_recipe_fa_1519_9d69f5f1","garnish_recipe_fa_1519_9d69f5f1","","dataset","dataset.repeated","اسید لیمو شیرینی را تیز می‌کند:","REPEATED_SENTENCE_ACROSS_DATASET","MEDIUM","SENTENCE_PATCH","ALLOWLISTED"
"garnish_recipe_global_143_026_e631bbb6","garnish_recipe_global_143_026_e631bbb6","","dataset","dataset.repeated","دمای آب، تلخی را کنترل می‌کند:","REPEATED_SENTENCE_ACROSS_DATASET","MEDIUM","SENTENCE_PATCH","ALLOWLISTED"
"garnish_recipe_fa_104_7b4ced78","garnish_recipe_fa_104_7b4ced78","","dataset","dataset.repeated","حدود ۱ قاشق چای‌خوری، به‌مزه","REPEATED_SENTENCE_ACROSS_DATASET","MEDIUM","SENTENCE_PATCH","ALLOWLISTED"
"garnish_recipe_fa_166_41ac7f2f","garnish_recipe_fa_166_41ac7f2f","","dataset","dataset.repeated","هر روغن خنثی مناسب سرخ‌کردن","REPEATED_SENTENCE_ACROSS_DATASET","MEDIUM","SENTENCE_PATCH","ALLOWLISTED"
"garnish_recipe_fa_110_847e93ad","garnish_recipe_fa_110_847e93ad","","dataset","dataset.repeated","نصف قاشق چای‌خوری (به‌مزه)","REPEATED_SENTENCE_ACROSS_DATASET","MEDIUM","SENTENCE_PATCH","ALLOWLISTED"
"garnish_recipe_fa_147_3b1b07c5","garnish_recipe_fa_147_3b1b07c5","","dataset","dataset.repeated","واقعی: جایگزین کامل ندارد","REPEATED_SENTENCE_ACROSS_DATASET","MEDIUM","SENTENCE_PATCH","ALLOWLISTED"
"garnish_recipe_fa_106_d9e3968a","garnish_recipe_fa_106_d9e3968a","","dataset","dataset.repeated","زمان راهنما: حدود 4 دقیقه","REPEATED_SENTENCE_ACROSS_DATASET","MEDIUM","SENTENCE_PATCH","ALLOWLISTED"
"garnish_recipe_fa_106_d9e3968a","garnish_recipe_fa_106_d9e3968a","","dataset","dataset.repeated","زمان راهنما: حدود 2 دقیقه","REPEATED_SENTENCE_ACROSS_DATASET","MEDIUM","SENTENCE_PATCH","ALLOWLISTED"
"garnish_recipe_fa_120_502ae408","garnish_recipe_fa_120_502ae408","","dataset","dataset.repeated","مقدار: ۰٫۵ قاشق چای‌خوری","REPEATED_SENTENCE_ACROSS_DATASET","MEDIUM","SENTENCE_PATCH","ALLOWLISTED"
"garnish_recipe_fa_191_de46bbb6","garnish_recipe_fa_191_de46bbb6","","dataset","dataset.repeated","1 قاشق غذاخوری (اختیاری)","REPEATED_SENTENCE_ACROSS_DATASET","MEDIUM","SENTENCE_PATCH","ALLOWLISTED"
"garnish_recipe_intl_029_0cafb54c","garnish_recipe_intl_029_0cafb54c","","dataset","dataset.repeated","بی‌دخالت: حدود ۱۵ دقیقه","REPEATED_SENTENCE_ACROSS_DATASET","MEDIUM","SENTENCE_PATCH","ALLOWLISTED"
"garnish_recipe_fa_1297_aaa24704","garnish_recipe_fa_1297_aaa24704","","dataset","dataset.repeated","بی‌دخالت: حدود ۳۰ دقیقه","REPEATED_SENTENCE_ACROSS_DATASET","MEDIUM","SENTENCE_PATCH","ALLOWLISTED"
"garnish_recipe_fa_104_7b4ced78","garnish_recipe_fa_104_7b4ced78","","dataset","dataset.repeated","گوشت چرخ‌کردهٔ بوقلمون","REPEATED_SENTENCE_ACROSS_DATASET","MEDIUM","SENTENCE_PATCH","ALLOWLISTED"
"meze50_01_olive-feta-garlic-dip","meze50_01_olive-feta-garlic-dip","","dataset","dataset.repeated","آب لیموی خوش‌بو بگیرید","REPEATED_SENTENCE_ACROSS_DATASET","MEDIUM","SENTENCE_PATCH","ALLOWLISTED"
"garnish_recipe_fa_120_502ae408","garnish_recipe_fa_120_502ae408","","dataset","dataset.repeated","مقدار: ۱ قاشق غذاخوری","REPEATED_SENTENCE_ACROSS_DATASET","MEDIUM","SENTENCE_PATCH","ALLOWLISTED"
"garnish_recipe_fa_120_502ae408","garnish_recipe_fa_120_502ae408","","dataset","dataset.repeated","مقدار: ۳ قاشق غذاخوری","REPEATED_SENTENCE_ACROSS_DATASET","MEDIUM","SENTENCE_PATCH","ALLOWLISTED"
"garnish_recipe_fa_113_2a1debd0","garnish_recipe_fa_113_2a1debd0","","dataset","dataset.repeated","مقدار: 3 قاشق غذاخوری","REPEATED_SENTENCE_ACROSS_DATASET","MEDIUM","SENTENCE_PATCH","ALLOWLISTED"
"garnish_recipe_global_143_006_10cd2dcc","garnish_recipe_global_143_006_10cd2dcc","","dataset","dataset.repeated","گوشت چرخ‌کرده خوک خام","REPEATED_SENTENCE_ACROSS_DATASET","MEDIUM","SENTENCE_PATCH","ALLOWLISTED"
"garnish_recipe_fa_1195_4b547f19","garnish_recipe_fa_1195_4b547f19","","dataset","dataset.repeated","دم‌کنی یا حولهٔ تمیز","REPEATED_SENTENCE_ACROSS_DATASET","MEDIUM","SENTENCE_PATCH","ALLOWLISTED"
"garnish_recipe_fa_124_c0616f8d","garnish_recipe_fa_124_c0616f8d","","dataset","dataset.repeated","نکته خرید: مرغ تازه، بی‌بو و با بافت سفت انتخاب کنید؛ برای تریاکی پوست سالم و خشک مهم است","REPEATED_SENTENCE_ACROSS_DATASET","MEDIUM","SENTENCE_PATCH","ALLOWLISTED"
"garnish_recipe_fa_124_c0616f8d","garnish_recipe_fa_124_c0616f8d","","dataset","dataset.repeated","سینه مرغ فقط در بعضی نسخه‌ها ممکن است، اما در پخت آرام یا سرخ‌کردن پوستی خشک‌تر می‌شود","REPEATED_SENTENCE_ACROSS_DATASET","MEDIUM","SENTENCE_PATCH","ALLOWLISTED"
"garnish_recipe_fa_184_e616db37","garnish_recipe_fa_184_e616db37","","dataset","dataset.repeated","نکته خرید: نوع سالم و متناسب با همین دستور بگیرید؛ جایگزین نامناسب بافت را عوض می‌کند","REPEATED_SENTENCE_ACROSS_DATASET","MEDIUM","SENTENCE_PATCH","ALLOWLISTED"
"garnish_recipe_fa_1554_6e31eecc","garnish_recipe_fa_1554_6e31eecc","","dataset","dataset.repeated","وقتی میوه یا شیر سرد باشد، مخلوط‌کن کمتر کف می‌سازد و نوشیدنی دیرتر آب می‌اندازد","REPEATED_SENTENCE_ACROSS_DATASET","MEDIUM","SENTENCE_PATCH","ALLOWLISTED"
"garnish_recipe_fa_115_ba80ef7c","garnish_recipe_fa_115_ba80ef7c","","dataset","dataset.repeated","نکته خرید: محصول تازه و خوش‌بو انتخاب کنید؛ بوی ترش یا کهنگی مزه را خراب می‌کند","REPEATED_SENTENCE_ACROSS_DATASET","MEDIUM","SENTENCE_PATCH","ALLOWLISTED"
"garnish_recipe_global_143_042_f549dcd3","garnish_recipe_global_143_042_f549dcd3","","dataset","dataset.repeated","نکته خرید: آرد تازه و بدون بوی ماندگی بخرید؛ برای دسرها الک‌کردن کمک می‌کند","REPEATED_SENTENCE_ACROSS_DATASET","MEDIUM","SENTENCE_PATCH","ALLOWLISTED"
"garnish_recipe_fa_1554_6e31eecc","garnish_recipe_fa_1554_6e31eecc","","dataset","dataset.repeated","چرخش طولانی هوا را وارد نوشیدنی می‌کند و عطر میوه یا مغز را کم‌رنگ می‌سازد","REPEATED_SENTENCE_ACROSS_DATASET","MEDIUM","SENTENCE_PATCH","ALLOWLISTED"
"garnish_recipe_fa_128_80595bf3","garnish_recipe_fa_128_80595bf3","","dataset","dataset.repeated","نکته خرید: نوع خوش‌بو و باکیفیت بگیرید؛ طعم آن در این دستور پنهان نمی‌شود","REPEATED_SENTENCE_ACROSS_DATASET","MEDIUM","SENTENCE_PATCH","ALLOWLISTED"
"garnish_recipe_global_143_042_f549dcd3","garnish_recipe_global_143_042_f549dcd3","","dataset","dataset.repeated","آرد همه‌منظوره نزدیک‌ترین جایگزین است؛ آرد سبوس‌دار بافت را سنگین می‌کند","REPEATED_SENTENCE_ACROSS_DATASET","MEDIUM","SENTENCE_PATCH","ALLOWLISTED"
"garnish_recipe_global_143_049_9785e6eb","garnish_recipe_global_143_049_9785e6eb","","dataset","dataset.repeated","روغن خنثی در برخی خمیرها ممکن است، اما عطر و بافت کره‌ای کامل نمی‌دهد","REPEATED_SENTENCE_ACROSS_DATASET","MEDIUM","SENTENCE_PATCH","ALLOWLISTED"
"garnish_recipe_global_143_084_87b7230c","garnish_recipe_global_143_084_87b7230c","","dataset","dataset.repeated","نکته خرید: آرد تازه و بدون بوی ماندگی بخرید و برای دسرها الک کنید","REPEATED_SENTENCE_ACROSS_DATASET","MEDIUM","SENTENCE_PATCH","ALLOWLISTED"
"garnish_recipe_global_143_084_87b7230c","garnish_recipe_global_143_084_87b7230c","","dataset","dataset.repeated","آرد نان گلوتن بیشتری دارد و برای این دسرها بافت را سفت‌تر می‌کند","REPEATED_SENTENCE_ACROSS_DATASET","MEDIUM","SENTENCE_PATCH","ALLOWLISTED"
"garnish_recipe_global_143_049_9785e6eb","garnish_recipe_global_143_049_9785e6eb","","dataset","dataset.repeated","نکته خرید: نمک ریز و تمیز انتخاب کنید تا روی سطح یکنواخت بنشیند","REPEATED_SENTENCE_ACROSS_DATASET","MEDIUM","SENTENCE_PATCH","ALLOWLISTED"
"garnish_recipe_intl_016_a22d4b1d","garnish_recipe_intl_016_a22d4b1d","","dataset","dataset.repeated","نکته خرید: شکر دانه‌ریز خشک و یکنواخت بهتر در مایه پخش می‌شود","REPEATED_SENTENCE_ACROSS_DATASET","MEDIUM","SENTENCE_PATCH","ALLOWLISTED"
"garnish_recipe_fa_1519_9d69f5f1","garnish_recipe_fa_1519_9d69f5f1","","dataset","dataset.repeated","سبزی‌های معطر را له نکن؛ تلخی و تیرگی از همین‌جا شروع می‌شود","REPEATED_SENTENCE_ACROSS_DATASET","MEDIUM","SENTENCE_PATCH","ALLOWLISTED"
"garnish_recipe_fa_1554_6e31eecc","garnish_recipe_fa_1554_6e31eecc","","dataset","dataset.repeated","مخلوط‌کن را طولانی روشن نگذار؛ هوا و گرما بافت را شل می‌کند","REPEATED_SENTENCE_ACROSS_DATASET","MEDIUM","SENTENCE_PATCH","ALLOWLISTED"
"garnish_recipe_global_143_042_f549dcd3","garnish_recipe_global_143_042_f549dcd3","","dataset","dataset.repeated","روغن آفتابگردانِ مناسب سرخ‌کردن نزدیک‌ترین جایگزین است","REPEATED_SENTENCE_ACROSS_DATASET","MEDIUM","SENTENCE_PATCH","ALLOWLISTED"
"garnish_recipe_global_143_100_da23be37","garnish_recipe_global_143_100_da23be37","","dataset","dataset.repeated","نکته خرید: ران مرغ تازه با بوی سالم و سطح غیرلزج بخرید","REPEATED_SENTENCE_ACROSS_DATASET","MEDIUM","SENTENCE_PATCH","ALLOWLISTED"
"garnish_recipe_fa_100_ce2b0c24","garnish_recipe_fa_100_ce2b0c24","","dataset","dataset.repeated","حذف، اگر عطر آن را نمی‌خواهید؛ جایگزین دقیق لازم نیست","REPEATED_SENTENCE_ACROSS_DATASET","MEDIUM","SENTENCE_PATCH","ALLOWLISTED"
"garnish_recipe_intl_023_bc7c6f90","garnish_recipe_intl_023_bc7c6f90","","dataset","dataset.repeated","نکته خرید: حبه‌های سفت، بدون جوانه و تازه انتخاب کنید","REPEATED_SENTENCE_ACROSS_DATASET","MEDIUM","SENTENCE_PATCH","ALLOWLISTED"
"garnish_recipe_fa_142_3215f0b5","garnish_recipe_fa_142_3215f0b5","","dataset","dataset.repeated","نکته خرید: پیاز سفت، آبدار و بدون جوانه انتخاب کنید","REPEATED_SENTENCE_ACROSS_DATASET","MEDIUM","SENTENCE_PATCH","ALLOWLISTED"
"garnish_recipe_intl_006_0abe82db","garnish_recipe_intl_006_0abe82db","","dataset","dataset.repeated","نمک فقط شوری می‌دهد و عمق تخمیری را جایگزین نمی‌کند","REPEATED_SENTENCE_ACROSS_DATASET","MEDIUM","SENTENCE_PATCH","ALLOWLISTED"
"garnish_recipe_fa_124_c0616f8d","garnish_recipe_fa_124_c0616f8d","","dataset","dataset.repeated","فلفل سفید تیزتر است و شخصیت مزه را کمی عوض می‌کند","REPEATED_SENTENCE_ACROSS_DATASET","MEDIUM","SENTENCE_PATCH","ALLOWLISTED"
"garnish_recipe_global_143_014_8a86b8a0","garnish_recipe_global_143_014_8a86b8a0","","dataset","dataset.repeated","نکته خرید: زردچوبه خوش‌رنگ و بدون بوی کهنگی بخرید","REPEATED_SENTENCE_ACROSS_DATASET","MEDIUM","SENTENCE_PATCH","ALLOWLISTED"
"garnish_recipe_global_143_066_4fc69a4a","garnish_recipe_global_143_066_4fc69a4a","","dataset","dataset.repeated","گرم‌کردن: گرم‌کردن ندارد؛ این دسر سرد سرو می‌شود","REPEATED_SENTENCE_ACROSS_DATASET","MEDIUM","SENTENCE_PATCH","ALLOWLISTED"
"garnish_recipe_fa_183_6fb2ab4a","garnish_recipe_fa_183_6fb2ab4a","","dataset","dataset.repeated","نکته خرید: تخم‌مرغ تازه با پوسته سالم بگیرید","REPEATED_SENTENCE_ACROSS_DATASET","MEDIUM","SENTENCE_PATCH","ALLOWLISTED"
"garnish_recipe_fa_193_35a54c20","garnish_recipe_fa_193_35a54c20","","dataset","dataset.repeated","نکته خرید: فلفل تازه‌آسیاب عطر واضح‌تری دارد","REPEATED_SENTENCE_ACROSS_DATASET","MEDIUM","SENTENCE_PATCH","ALLOWLISTED"
"garnish_recipe_fa_121_b6f01192","garnish_recipe_fa_121_b6f01192","","dataset","dataset.repeated","پروتئین اصلی؛ باید آبدار بماند و خشک نشود","REPEATED_SENTENCE_ACROSS_DATASET","MEDIUM","SENTENCE_PATCH","ALLOWLISTED"
"garnish_recipe_fa_105_606b3bee","garnish_recipe_fa_105_606b3bee","","dataset","dataset.repeated","نکته خرید: فلفل تازه‌آسیاب عطر بهتری دارد","REPEATED_SENTENCE_ACROSS_DATASET","MEDIUM","SENTENCE_PATCH","ALLOWLISTED"
"garnish_recipe_global_143_060_17a8b6d3","garnish_recipe_global_143_060_17a8b6d3","","dataset","dataset.repeated","لیمو سبز تیزتر است و مقدارش باید کمتر شود","REPEATED_SENTENCE_ACROSS_DATASET","MEDIUM","SENTENCE_PATCH","ALLOWLISTED"
"garnish_recipe_fa_1554_6e31eecc","garnish_recipe_fa_1554_6e31eecc","","dataset","dataset.repeated","نشانهٔ درست، نوشیدنی نرم بدون کف حجیم است","REPEATED_SENTENCE_ACROSS_DATASET","MEDIUM","SENTENCE_PATCH","ALLOWLISTED"
"garnish_recipe_fa_190_49162ac2","garnish_recipe_fa_190_49162ac2","","dataset","dataset.repeated","ملایم‌تر؛ فقط قسمتِ سفید را استفاده کنید","REPEATED_SENTENCE_ACROSS_DATASET","MEDIUM","SENTENCE_PATCH","ALLOWLISTED"
"garnish_recipe_fa_104_7b4ced78","garnish_recipe_fa_104_7b4ced78","","dataset","dataset.repeated","ملایم‌تر و کمی شیرین‌تر؛ هم‌نقش آروماتیک","REPEATED_SENTENCE_ACROSS_DATASET","MEDIUM","SENTENCE_PATCH","ALLOWLISTED"
"garnish_recipe_intl_016_a22d4b1d","garnish_recipe_intl_016_a22d4b1d","","dataset","dataset.repeated","شکر قهوه‌ای مزه و رطوبت را تغییر می‌دهد","REPEATED_SENTENCE_ACROSS_DATASET","MEDIUM","SENTENCE_PATCH","ALLOWLISTED"
"garnish_recipe_fa_1554_6e31eecc","garnish_recipe_fa_1554_6e31eecc","","dataset","dataset.repeated","نشانهٔ درست، سطح صاف و قوام یکنواخت است","REPEATED_SENTENCE_ACROSS_DATASET","MEDIUM","SENTENCE_PATCH","ALLOWLISTED"
"garnish_recipe_fa_86_ffcd0713","garnish_recipe_fa_86_ffcd0713","","dataset","dataset.repeated","نکته خرید: پیاز سفت و تازه انتخاب کنید","REPEATED_SENTENCE_ACROSS_DATASET","MEDIUM","SENTENCE_PATCH","ALLOWLISTED"
"garnish_recipe_fa_1235_f91ccc6d","garnish_recipe_fa_1235_f91ccc6d","","dataset","dataset.repeated","ing_whole_egg_raw→ing_ground_flaxseed","REPEATED_SENTENCE_ACROSS_DATASET","MEDIUM","SENTENCE_PATCH","ALLOWLISTED"
"garnish_recipe_global_143_110_9b1cffdd","garnish_recipe_global_143_110_9b1cffdd","","dataset","dataset.repeated","حذف ممکن است، اما عمق عطر کمتر می‌شود","REPEATED_SENTENCE_ACROSS_DATASET","MEDIUM","SENTENCE_PATCH","ALLOWLISTED"
"garnish_recipe_fa_1554_6e31eecc","garnish_recipe_fa_1554_6e31eecc","","dataset","dataset.repeated","میکس کوتاه، بافت را زنده نگه می‌دارد:","REPEATED_SENTENCE_ACROSS_DATASET","MEDIUM","SENTENCE_PATCH","ALLOWLISTED"
"garnish_recipe_fa_1554_6e31eecc","garnish_recipe_fa_1554_6e31eecc","","dataset","dataset.repeated","حفظ عطر میوه یا مغز بدون شیرینی اضافه","REPEATED_SENTENCE_ACROSS_DATASET","MEDIUM","SENTENCE_PATCH","ALLOWLISTED"
"garnish_recipe_fa_1052_8bde566e","garnish_recipe_fa_1052_8bde566e","","dataset","dataset.repeated","فلفلِ تازه‌آسیاب‌شده عطر بیشتری دارد","REPEATED_SENTENCE_ACROSS_DATASET","MEDIUM","SENTENCE_PATCH","ALLOWLISTED"
"garnish_recipe_fa_119_2a846a21","garnish_recipe_fa_119_2a846a21","","dataset","dataset.repeated","ing_all_purpose_flour→ing_rice_flour","REPEATED_SENTENCE_ACROSS_DATASET","MEDIUM","SENTENCE_PATCH","ALLOWLISTED"
"garnish_recipe_fa_1554_6e31eecc","garnish_recipe_fa_1554_6e31eecc","","dataset","dataset.repeated","سرمای بخش پایه، قوام را نگه می‌دارد:","REPEATED_SENTENCE_ACROSS_DATASET","MEDIUM","SENTENCE_PATCH","ALLOWLISTED"
"garnish_recipe_fa_124_c0616f8d","garnish_recipe_fa_124_c0616f8d","","dataset","dataset.repeated","پودر سیر عطر تازه و خام مشابه ندارد","REPEATED_SENTENCE_ACROSS_DATASET","MEDIUM","SENTENCE_PATCH","ALLOWLISTED"
"garnish_recipe_fa_1554_6e31eecc","garnish_recipe_fa_1554_6e31eecc","","dataset","dataset.repeated","میکس کوتاه برای جلوگیری از کف زیاد","REPEATED_SENTENCE_ACROSS_DATASET","MEDIUM","SENTENCE_PATCH","ALLOWLISTED"
"garnish_recipe_global_143_026_e631bbb6","garnish_recipe_global_143_026_e631bbb6","","dataset","dataset.repeated","کنترل دمای آب برای جلوگیری از تلخی","REPEATED_SENTENCE_ACROSS_DATASET","MEDIUM","SENTENCE_PATCH","ALLOWLISTED"
"garnish_recipe_fa_1290_f5fc285f","garnish_recipe_fa_1290_f5fc285f","","dataset","dataset.repeated","فلفلِ تازه‌آسیاب عطر بیشتری دارد","REPEATED_SENTENCE_ACROSS_DATASET","MEDIUM","SENTENCE_PATCH","ALLOWLISTED"
"garnish_recipe_fa_191_de46bbb6","garnish_recipe_fa_191_de46bbb6","","dataset","dataset.repeated","جایگزین واقعی در همین بافت ندارد","REPEATED_SENTENCE_ACROSS_DATASET","MEDIUM","SENTENCE_PATCH","ALLOWLISTED"
"garnish_recipe_fa_142_3215f0b5","garnish_recipe_fa_142_3215f0b5","","dataset","dataset.repeated","پیاز سفید نزدیک‌ترین جایگزین است","REPEATED_SENTENCE_ACROSS_DATASET","MEDIUM","SENTENCE_PATCH","ALLOWLISTED"
"garnish_recipe_global_143_065_c4cb085e","garnish_recipe_global_143_065_c4cb085e","","dataset","dataset.repeated","زمان این مرحله حدود 35 دقیقه است","REPEATED_SENTENCE_ACROSS_DATASET","MEDIUM","SENTENCE_PATCH","ALLOWLISTED"
"garnish_recipe_fa_105_606b3bee","garnish_recipe_fa_105_606b3bee","","dataset","dataset.repeated","سیر تازه بهتر از پودر سیر است","REPEATED_SENTENCE_ACROSS_DATASET","MEDIUM","SENTENCE_PATCH","ALLOWLISTED"
"garnish_recipe_fa_1554_6e31eecc","garnish_recipe_fa_1554_6e31eecc","","dataset","dataset.repeated","تنظیم قوام با شیر یا میوه سرد","REPEATED_SENTENCE_ACROSS_DATASET","MEDIUM","SENTENCE_PATCH","ALLOWLISTED"
"garnish_recipe_global_143_026_e631bbb6","garnish_recipe_global_143_026_e631bbb6","","dataset","dataset.repeated","صاف‌کردن یا هم‌زدن بدون گلوله","REPEATED_SENTENCE_ACROSS_DATASET","MEDIUM","SENTENCE_PATCH","ALLOWLISTED"
"meze50_33_chickpea-sesame-crackers","meze50_33_chickpea-sesame-crackers","","dataset","dataset.repeated","روغن آفتابگردان، با عطر کمتر","REPEATED_SENTENCE_ACROSS_DATASET","MEDIUM","SENTENCE_PATCH","ALLOWLISTED"
"garnish_recipe_fa_1554_6e31eecc","garnish_recipe_fa_1554_6e31eecc","","dataset","dataset.repeated","سردکردن بخش پایه قبل از میکس","REPEATED_SENTENCE_ACROSS_DATASET","MEDIUM","SENTENCE_PATCH","ALLOWLISTED"
"garnish_recipe_fa_1554_6e31eecc","garnish_recipe_fa_1554_6e31eecc","","dataset","dataset.repeated","تشخیص بافت نرم بدون جداشدگی","REPEATED_SENTENCE_ACROSS_DATASET","MEDIUM","SENTENCE_PATCH","ALLOWLISTED"
"garnish_recipe_global_143_026_e631bbb6","garnish_recipe_global_143_026_e631bbb6","","dataset","dataset.repeated","سرو در دمای مناسب نوشیدنی","REPEATED_SENTENCE_ACROSS_DATASET","MEDIUM","SENTENCE_PATCH","ALLOWLISTED"
"garnish_recipe_fa_125_31716f89","garnish_recipe_fa_125_31716f89","","dataset","dataset.repeated","بی‌دخالت: حدود ۲۵ دقیقه","REPEATED_SENTENCE_ACROSS_DATASET","MEDIUM","SENTENCE_PATCH","ALLOWLISTED"
"garnish_recipe_fa_113_2a1debd0","garnish_recipe_fa_113_2a1debd0","","dataset","dataset.repeated","بی‌دخالت: حدود ۳۵ دقیقه","REPEATED_SENTENCE_ACROSS_DATASET","MEDIUM","SENTENCE_PATCH","ALLOWLISTED"
"garnish_recipe_global_143_026_e631bbb6","garnish_recipe_global_143_026_e631bbb6","","dataset","dataset.repeated","تعادل شیرینی با عطر چای","REPEATED_SENTENCE_ACROSS_DATASET","MEDIUM","SENTENCE_PATCH","ALLOWLISTED"
"garnish_recipe_fa_1208_434b3a9a","garnish_recipe_fa_1208_434b3a9a","","dataset","dataset.repeated","ریز خردشده یا رنده‌شده","REPEATED_SENTENCE_ACROSS_DATASET","MEDIUM","SENTENCE_PATCH","ALLOWLISTED"
"garnish_recipe_global_143_026_e631bbb6","garnish_recipe_global_143_026_e631bbb6","","dataset","dataset.repeated","دم‌آوری کوتاه و هدفمند","REPEATED_SENTENCE_ACROSS_DATASET","MEDIUM","SENTENCE_PATCH","ALLOWLISTED"
"garnish_recipe_fa_89_292dde1d","garnish_recipe_fa_89_292dde1d","","dataset","dataset.repeated","۱ و نیم قاشق چای‌خوری","REPEATED_SENTENCE_ACROSS_DATASET","MEDIUM","SENTENCE_PATCH","ALLOWLISTED"
"garnish_recipe_intl_017_6bc0bdc6","garnish_recipe_intl_017_6bc0bdc6","","dataset","dataset.repeated","400 میلی‌لیتر (ضروری)","REPEATED_SENTENCE_ACROSS_DATASET","MEDIUM","SENTENCE_PATCH","ALLOWLISTED"
"garnish_recipe_global_143_004_44168530","garnish_recipe_global_143_004_44168530","","dataset","dataset.repeated","2 قاشق غذاخوری (اصلی)","REPEATED_SENTENCE_ACROSS_DATASET","MEDIUM","SENTENCE_PATCH","ALLOWLISTED"
"garnish_recipe_global_143_122_fef6d7d8","garnish_recipe_global_143_122_fef6d7d8","","dataset","dataset.repeated","1 قاشق غذاخوری (اصلی)","REPEATED_SENTENCE_ACROSS_DATASET","MEDIUM","SENTENCE_PATCH","ALLOWLISTED"
"garnish_recipe_fa_1051_68dd60e0","garnish_recipe_fa_1051_68dd60e0","","dataset","dataset.repeated","گوشت سفت و خشک مانده","REPEATED_SENTENCE_ACROSS_DATASET","MEDIUM","SENTENCE_PATCH","ALLOWLISTED"
"garnish_recipe_fa_1052_8bde566e","garnish_recipe_fa_1052_8bde566e","","dataset","dataset.repeated","حدود ۲ پیمانه خردشده","REPEATED_SENTENCE_ACROSS_DATASET","MEDIUM","SENTENCE_PATCH","ALLOWLISTED"
"garnish_recipe_fa_1208_434b3a9a","garnish_recipe_fa_1208_434b3a9a","","dataset","dataset.repeated","نخود کنسروی آبکش‌شده","REPEATED_SENTENCE_ACROSS_DATASET","MEDIUM","SENTENCE_PATCH","ALLOWLISTED"
"garnish_recipe_global_143_098_0f8fbedd","garnish_recipe_global_143_098_0f8fbedd","","dataset","dataset.repeated","غذا بیش از حد شور شد","REPEATED_SENTENCE_ACROSS_DATASET","MEDIUM","SENTENCE_PATCH","ALLOWLISTED"
"garnish_recipe_fa_883_4b80bbcf","garnish_recipe_fa_883_4b80bbcf","","dataset","dataset.repeated","۱ و نیم قاشق غذاخوری","REPEATED_SENTENCE_ACROSS_DATASET","MEDIUM","SENTENCE_PATCH","ALLOWLISTED"
"garnish_recipe_global_143_096_0e548c27","garnish_recipe_global_143_096_0e548c27","","dataset","dataset.repeated","گوشت را مزه‌دار کنید","REPEATED_SENTENCE_ACROSS_DATASET","MEDIUM","SENTENCE_PATCH","ALLOWLISTED"
"garnish_recipe_global_143_029_c3687330","garnish_recipe_global_143_029_c3687330","","dataset","dataset.repeated","پودر کاکائو بدون شکر","REPEATED_SENTENCE_ACROSS_DATASET","MEDIUM","SENTENCE_PATCH","ALLOWLISTED"