severity,phrase,allowlistStatus,reason
"HIGH","این اطلاعات عمومی و آشپزی است، نه توصیهٔ پزشکی","ALLOWLISTED","Standardized safety/nutrition disclaimer; allowed because it prevents medical or fabricated nutrition claims."
"HIGH","جایگزین را ساده نگه دار: ماده‌ای با طعم و بافت نزدیک انتخاب کن، و اگر به چیزی حساسیت داری همان ماده را حذف یا با گزینه امن خودت عوض کن","ALLOWLISTED","Lite 96 intentionally uses compact standardized micro-recipe scaffolding; not a full-recipe copy quality blocker."
"HIGH","چون آماده‌سازی آن کوتاه است و بیشتر از چند حرکت ساده نیاز ندارد؛ با این حال مقدارها دقیق نوشته شده‌اند تا نتیجه قابل تکرار باشد","ALLOWLISTED","Lite 96 intentionally uses compact standardized micro-recipe scaffolding; not a full-recipe copy quality blocker."
"HIGH","مقدار مواد برای یک نفر نوشته شده؛ برای چند نفر، همه مواد را به همان نسبت بیشتر کن","ALLOWLISTED","Lite 96 intentionally uses compact standardized micro-recipe scaffolding; not a full-recipe copy quality blocker."
"HIGH","همان موقع سرو کن تا نان، میوه یا سبزیجات بافت تازه‌تری داشته باشند","ALLOWLISTED","Lite 96 intentionally uses compact standardized micro-recipe scaffolding; not a full-recipe copy quality blocker."
"HIGH","مواد را ساده و مرتب کنار هم بگذار، مخلوط کن یا داخل نان بچین","ALLOWLISTED","Lite 96 intentionally uses compact standardized micro-recipe scaffolding; not a full-recipe copy quality blocker."
"HIGH","مواد را بیش از حد مخلوط یا له نکن تا بافت اصلی آیتم حفظ شود","ALLOWLISTED","Lite 96 intentionally uses compact standardized micro-recipe scaffolding; not a full-recipe copy quality blocker."
"HIGH","مواد را طبق مقدارهای نوشته‌شده آماده کن و کنار دستت بگذار","ALLOWLISTED","Lite 96 intentionally uses compact standardized micro-recipe scaffolding; not a full-recipe copy quality blocker."
"HIGH","همان موقع سرو کن تا بافت و طعم مواد تازه بماند","ALLOWLISTED","Lite 96 intentionally uses compact standardized micro-recipe scaffolding; not a full-recipe copy quality blocker."
"HIGH","چرا این آیتم سبک است؟","ALLOWLISTED","Lite 96 intentionally uses compact standardized micro-recipe scaffolding; not a full-recipe copy quality blocker."
"HIGH","برای این دستور عدد کالری در دادهٔ فعلی موجود نیست","ALLOWLISTED","High-count repeat is structural after prior cleanup and has no internal/template leak."
"HIGH","این آیتم با مواد قابل‌دسترس طراحی شده و برای برنامه غذایی، جستجو و لیست خرید آماده است","ALLOWLISTED","Lite 96 intentionally uses compact standardized micro-recipe scaffolding; not a full-recipe copy quality blocker."
"HIGH","واقعی: جایگزین واقعی ندارد","ALLOWLISTED","High-count repeat is structural after prior cleanup and has no internal/template leak."
"HIGH","این توضیح عمومی است و با مقدار سرو و مواد تغییر می‌کند","ALLOWLISTED","Repeated across Meze draft/hidden QA recipes only; harmless until publication review."
"HIGH","نکته خرید: روغن تازه و مناسب حرارت انتخاب کنید","ALLOWLISTED","High-count repeat is structural after prior cleanup and has no internal/template leak."
"HIGH","1 قاشق چای‌خوری (ضروری)","ALLOWLISTED","Repeated amount/unit or ingredient-line fragment, not prose copy debt."
"HIGH","جایگزین واقعی ندارد؛ حذف یا تعویض آن هویت یا بافت غذا را تغییر می‌دهد","ALLOWLISTED","High-count repeat is structural after prior cleanup and has no internal/template leak."
"HIGH","5 قاشق چای‌خوری (ضروری)","ALLOWLISTED","Repeated amount/unit or ingredient-line fragment, not prose copy debt."
"HIGH","این توضیح برای درک عمومی ترکیب غذاست و با اندازهٔ سهم، روغن جذب‌شده یا همراه‌های سرو تغییر می‌کند","ALLOWLISTED","High-count repeat is structural after prior cleanup and has no internal/template leak."
"HIGH","یک آیتم سریع و سبک است که با چند ماده ساده آماده می‌شود و برای مصرف روزمره مناسب است","ALLOWLISTED","Lite 96 intentionally uses compact standardized micro-recipe scaffolding; not a full-recipe copy quality blocker."
"HIGH","این نوشیدنی بیشتر برای طعم، خنکی یا همراهی با وعده استفاده می‌شود؛ مقدار شیرینی، یخ و رقیق‌سازی بیشترین اثر را روی حس نهایی دارد","ALLOWLISTED","High-count repeat is structural after prior cleanup and has no internal/template leak."
"HIGH","وقتی دما و بافت هنوز زنده است: نوشیدنی‌های سرد بلافاصله بعد از یخ و نوشیدنی‌های گرم بلافاصله بعد از دم‌آوری یا گرم‌کردن شیر","ALLOWLISTED","Repeated amount/unit or ingredient-line fragment, not prose copy debt."
"HIGH","پایه را می‌توان زودتر آماده کرد، اما یخ، سودا، نعناع تازه، بوبا یا کف شیر را نزدیک سرو اضافه کن تا بافت و عطر افت نکند","ALLOWLISTED","High-count repeat is structural after prior cleanup and has no internal/template leak."
"HIGH","در نوشیدنی‌های میوه‌ای، لبنی یا برنجی جداشدگی طبیعی است؛ قبل از سرو آرام هم بزن، اما برای نوشیدنی گازدار زیاد هم نزن","ALLOWLISTED","High-count repeat is structural after prior cleanup and has no internal/template leak."
"HIGH","شیرینی را در پایه کمتر کن و با دمای درست، عطر تازه و مقدار دقیق اسید یا ادویه مزه را کامل نگه دار","ALLOWLISTED","High-count repeat is structural after prior cleanup and has no internal/template leak."
"HIGH","نشانهٔ درست این مرحله باید باظاهر، عطر و بافت همین مرحله دیده شود","ALLOWLISTED","High-count repeat is structural after prior cleanup and has no internal/template leak."
"HIGH","چطور شیرینی را کم کنم بدون اینکه مزه خالی شود؟","ALLOWLISTED","High-count repeat is structural after prior cleanup and has no internal/template leak."
"HIGH","رقیق‌سازی، شخصیت نوشیدنی را تعیین می‌کند:","ALLOWLISTED","High-count repeat is structural after prior cleanup and has no internal/template leak."
"HIGH","چرا نوشیدنی بعد از مدتی جدا می‌شود؟","ALLOWLISTED","High-count repeat is structural after prior cleanup and has no internal/template leak."
"HIGH","می‌توانم از قبل آماده کنم؟","ALLOWLISTED","High-count repeat is structural after prior cleanup and has no internal/template leak."
"HIGH","بهترین زمان سرو چیست؟","ALLOWLISTED","High-count repeat is structural after prior cleanup and has no internal/template leak."
"HIGH","نکته خرید: نمک ریز و تمیز استفاده کنید تا یکنواخت پخش شود","ALLOWLISTED","High-count repeat is structural after prior cleanup and has no internal/template leak."
"HIGH","روغن کانولا یا روغن خنثی مشابه قابل استفاده است","ALLOWLISTED","High-count repeat is structural after prior cleanup and has no internal/template leak."
"HIGH","هزینه: متوسط رو به بالا","ALLOWLISTED","High-count repeat is structural after prior cleanup and has no internal/template leak."
"HIGH","لیوان سرد در نوشیدنی‌های یخی سرعت آب شدن یخ را کم می‌کند و فنجان گرم در نوشیدنی‌های داغ افت دما را کمتر می‌کند","ALLOWLISTED","Repeated amount/unit or ingredient-line fragment, not prose copy debt."
"HIGH","نشانهٔ درست، دمای پایدار تا چند جرعه اول است","ALLOWLISTED","High-count repeat is structural after prior cleanup and has no internal/template leak."
"HIGH","سردی یا گرمی ظرف روی نتیجه اثر دارد:","ALLOWLISTED","Repeated amount/unit or ingredient-line fragment, not prose copy debt."
"HIGH","فلفلِ تازه‌آسیاب عطرِ بیشتری دارد","ALLOWLISTED","High-count repeat is structural after prior cleanup and has no internal/template leak."
"HIGH","۱ قاشق چای‌خوری (به‌مزه)","ALLOWLISTED","Repeated amount/unit or ingredient-line fragment, not prose copy debt."
"HIGH","بخش‌های پایه را می‌توان زودتر آماده کرد، اما مرحله نهایی بهتر است نزدیک سرو انجام شود","ALLOWLISTED","High-count repeat is structural after prior cleanup and has no internal/template leak."
"HIGH","نشانه اصلی، بافت درست بخش پایه و غلظت مناسب سس یا پایه غذاست","ALLOWLISTED","Repeated amount/unit or ingredient-line fragment, not prose copy debt."
"HIGH","جایگزین‌ها فقط وقتی استفاده شوند که نقش اصلی ماده حفظ شود","ALLOWLISTED","Repeated amount/unit or ingredient-line fragment, not prose copy debt."
"HIGH","برای نسخه ملایم‌تر، مقدار فلفل و ادویه تند را کم کنید","ALLOWLISTED","High-count repeat is structural after prior cleanup and has no internal/template leak."
"HIGH","نکته خرید: تخم‌مرغ تازه با پوسته سالم انتخاب کنید","ALLOWLISTED","High-count repeat is structural after prior cleanup and has no internal/template leak."
"HIGH","در پایان قبل از سرو مزه را دوباره تنظیم کنید","ALLOWLISTED","High-count repeat is structural after prior cleanup and has no internal/template leak."
"HIGH","حرارت را با نشانه‌های ظاهری غذا تنظیم کنید","ALLOWLISTED","High-count repeat is structural after prior cleanup and has no internal/template leak."
"HIGH","حرارت بیش از حد، بافت و مزه را خراب می‌کند","ALLOWLISTED","High-count repeat is structural after prior cleanup and has no internal/template leak."
"HIGH","سرو دیرهنگام، کیفیت بافت را پایین می‌آورد","ALLOWLISTED","High-count repeat is structural after prior cleanup and has no internal/template leak."
"HIGH","اضافه کردن مایع زیاد، غذا را آبکی می‌کند","ALLOWLISTED","High-count repeat is structural after prior cleanup and has no internal/template leak."
"HIGH","مواد را قبل از شروع آماده کنید","ALLOWLISTED","High-count repeat is structural after prior cleanup and has no internal/template leak."
"HIGH","از کجا بفهمم غذا آماده است؟","ALLOWLISTED","High-count repeat is structural after prior cleanup and has no internal/template leak."
"HIGH","2 قاشق غذاخوری (ضروری)","ALLOWLISTED","Repeated amount/unit or ingredient-line fragment, not prose copy debt."
"HIGH","گرم‌کردن: گرم‌کردن ندارد؛ سرد سرو می‌شود","ALLOWLISTED","Repeated amount/unit or ingredient-line fragment, not prose copy debt."
"HIGH","از نظر کیفی، این غذا را باید با مواد اصلی، اندازهٔ وعده، روش پخت و همراه‌های سرو سنجید، نه با ادعای درمانی یا رژیمی","ALLOWLISTED","Standardized safety/nutrition disclaimer; allowed because it prevents medical or fabricated nutrition claims."
"HIGH","این توضیح برای درک عمومی ترکیب غذاست و با اندازهٔ سهم، مقدار روغن یا همراه‌های سرو تغییر می‌کند","ALLOWLISTED","High-count repeat is structural after prior cleanup and has no internal/template leak."
"HIGH","باید همان نقش را داشته باشد؛ اگر مطمئن نیستید حذف یا تعویض نکنید","ALLOWLISTED","High-count repeat is structural after prior cleanup and has no internal/template leak."
"HIGH","عدد کالری مشخصی برای نمایش وجود ندارد؛ عدد تازه‌ای ساخته نمی‌شود","ALLOWLISTED","Standardized safety/nutrition disclaimer; allowed because it prevents medical or fabricated nutrition claims."
"HIGH","اگر دانه‌ای است، تازه و خشک باشد؛ اگر شربتی است، بوی کهنگی ندهد","ALLOWLISTED","High-count repeat is structural after prior cleanup and has no internal/template leak."
"HIGH","نمک دریا با دانه ریز ممکن است؛ مقدار را با شوری آن هماهنگ کنید","ALLOWLISTED","High-count repeat is structural after prior cleanup and has no internal/template leak."
"MEDIUM","نکته خرید: سفت، تازه و بدون لکه یا پژمردگی انتخاب کنید","ALLOWLISTED","Harmless repeated product/technique copy; documented in allowlist."
"MEDIUM","نکته خرید: فلفل تازه‌آسیاب عطر بیشتری دارد","ALLOWLISTED","Harmless repeated product/technique copy; documented in allowlist."
"MEDIUM","نکته خرید: شکر خشک و دانه‌ریز انتخاب کنید تا سریع حل شود","ALLOWLISTED","Harmless repeated product/technique copy; documented in allowlist."
"MEDIUM","به‌مزه (حدود ۱ قاشق چای‌خوری)","ALLOWLISTED","Repeated amount/unit or ingredient-line fragment, not prose copy debt."
"MEDIUM","⏲ آماده‌سازی زودهنگام: پایه شربت یا میوه خردشده را می‌توان زودتر آماده کرد؛ یخ و مواد حساس را نزدیک سرو اضافه کن","ALLOWLISTED","Harmless repeated product/technique copy; documented in allowlist."
"MEDIUM","یخچال: پایه بدون یخ معمولاً تا ۲۴ ساعت در یخچال بهتر می‌ماند؛ نوشیدنی گازدار یا نعناعی را فوری مصرف کن","ALLOWLISTED","Harmless repeated product/technique copy; documented in allowlist."
"MEDIUM","بخش‌های خشک یا پایه را می‌توان آماده کرد، اما ترکیب نهایی بهتر است نزدیک زمان سرو انجام شود","ALLOWLISTED","Harmless repeated product/technique copy; documented in allowlist."
"MEDIUM","❄ فریز: فریز فقط برای تکه‌های میوه مناسب است، نه نوشیدنی کامل","ALLOWLISTED","Harmless repeated product/technique copy; documented in allowlist."
"MEDIUM","جایگزین فقط وقتی پیشنهاد می‌شود که هویت اصلی غذا حفظ شود","ALLOWLISTED","Repeated amount/unit or ingredient-line fragment, not prose copy debt."
"MEDIUM","نکته خرید: پیاز سفت و بدون جوانه بخرید","ALLOWLISTED","Harmless repeated product/technique copy; documented in allowlist."
"MEDIUM","آیا می‌شود مواد را از قبل آماده کرد؟","ALLOWLISTED","Harmless repeated product/technique copy; documented in allowlist."
"MEDIUM","مهم‌ترین نشانه آماده بودن چیست؟","ALLOWLISTED","Harmless repeated product/technique copy; documented in allowlist."
"MEDIUM","1 قاشق غذاخوری (ضروری)","ALLOWLISTED","Repeated amount/unit or ingredient-line fragment, not prose copy debt."
"MEDIUM","3 قاشق غذاخوری (ضروری)","ALLOWLISTED","Repeated amount/unit or ingredient-line fragment, not prose copy debt."
"MEDIUM","نکته خرید: نمک خشک و یکنواخت استفاده کنید تا مقداردهی قابل کنترل باشد","ALLOWLISTED","Harmless repeated product/technique copy; documented in allowlist."
"MEDIUM","ing_lamb_meat_raw→ing_button_mushroom_raw","ALLOWLISTED","Harmless repeated product/technique copy; documented in allowlist."
"MEDIUM","نقش مکمل در طعم، بافت یا تعادل این دستور","ALLOWLISTED","Harmless repeated product/technique copy; documented in allowlist."
"MEDIUM","روغن مایع خنثی دیگر با تحمل حرارت مشابه","ALLOWLISTED","Harmless repeated product/technique copy; documented in allowlist."
"MEDIUM","ملایم‌تر و کمی شیرین‌تر","ALLOWLISTED","Harmless repeated product/technique copy; documented in allowlist."
"MEDIUM","گوشت چرخ‌کرده گوسفند","ALLOWLISTED","Harmless repeated product/technique copy; documented in allowlist."
"MEDIUM","چاشنی و تنظیم‌کنندهٔ مزه؛ در بعضی خمیرها ساختار را هم کنترل می‌کند","ALLOWLISTED","Harmless repeated product/technique copy; documented in allowlist."
"MEDIUM","نکته خرید: فلفل تازه‌آسیاب عطر روشن‌تری دارد","ALLOWLISTED","Harmless repeated product/technique copy; documented in allowlist."
"MEDIUM","نکته خرید: نمک یکنواخت و تمیز استفاده کنید","ALLOWLISTED","Harmless repeated product/technique copy; documented in allowlist."
"MEDIUM","❄ فریز: فریز مناسب نیست","ALLOWLISTED","Harmless repeated product/technique copy; documented in allowlist."
"MEDIUM","گوشت چرخ‌کرده بوقلمون","ALLOWLISTED","Harmless repeated product/technique copy; documented in allowlist."
"MEDIUM","حدود ۱ قاشق چای‌خوری (به‌مزه)","ALLOWLISTED","Repeated amount/unit or ingredient-line fragment, not prose copy debt."
"MEDIUM","برای نوشیدنی سرد آب کاملاً سرد، برای دم‌آوری آب تازه و بی‌بو استفاده کن","ALLOWLISTED","Harmless repeated product/technique copy; documented in allowlist."
"MEDIUM","چربیِ پخت؛ عطر را حمل می‌کند و سطح را برشته یا لطیف می‌سازد","ALLOWLISTED","Harmless repeated product/technique copy; documented in allowlist."
"MEDIUM","نکته خرید: پیاز سفت و بدون جوانه انتخاب کنید","ALLOWLISTED","Harmless repeated product/technique copy; documented in allowlist."
"MEDIUM","نکته خرید: نمک تمیز و یکنواخت استفاده کنید","ALLOWLISTED","Harmless repeated product/technique copy; documented in allowlist."
"MEDIUM","فلفل سفید مزه متفاوتی می‌دهد","ALLOWLISTED","Harmless repeated product/technique copy; documented in allowlist."
"MEDIUM","مقدار: 1 قاشق چای‌خوری","ALLOWLISTED","Repeated amount/unit or ingredient-line fragment, not prose copy debt."
"MEDIUM","میوه تازه فصل شیرینی خشک سبک میان‌وعده سرد تابستانی","ALLOWLISTED","Harmless repeated product/technique copy; documented in allowlist."
"MEDIUM","4 قاشق غذاخوری (ضروری)","ALLOWLISTED","Repeated amount/unit or ingredient-line fragment, not prose copy debt."
"MEDIUM","گوشت چرخ‌کردهٔ گوسفند","ALLOWLISTED","Harmless repeated product/technique copy; documented in allowlist."
"MEDIUM","اگر رنگ، کف یا عطر ناگهان تغییر کرد، مرحله را متوقف کن و نسبت دما/زمان را اصلاح کن","ALLOWLISTED","Harmless repeated product/technique copy; documented in allowlist."
"MEDIUM","نکته خرید: سس سویای متعادل و نه بیش از حد شور انتخاب کنید","ALLOWLISTED","Harmless repeated product/technique copy; documented in allowlist."
"MEDIUM","این اطلاعات عمومی آشپزی است، نه توصیه پزشکی","ALLOWLISTED","Standardized safety/nutrition disclaimer; allowed because it prevents medical or fabricated nutrition claims."
"MEDIUM","ing_ground_beef_raw→ing_ground_lamb_raw","ALLOWLISTED","Harmless repeated product/technique copy; documented in allowlist."
"MEDIUM","فلفلِ تازه‌آسیاب‌شده عطرِ بیشتری دارد","ALLOWLISTED","Harmless repeated product/technique copy; documented in allowlist."
"MEDIUM","واقعی: روغن کانولا یا روغن مایع بی‌بو","ALLOWLISTED","Harmless repeated product/technique copy; documented in allowlist."
"MEDIUM","چاشنی معطر برای تیزی و تعادل پایانی","ALLOWLISTED","Harmless repeated product/technique copy; documented in allowlist."
"MEDIUM","۵ قاشق چای‌خوری (به‌مزه)","ALLOWLISTED","Repeated amount/unit or ingredient-line fragment, not prose copy debt."
"MEDIUM","25 قاشق چای‌خوری (ضروری)","ALLOWLISTED","Repeated amount/unit or ingredient-line fragment, not prose copy debt."
"MEDIUM","مقدار: ۱ قاشق چای‌خوری","ALLOWLISTED","Repeated amount/unit or ingredient-line fragment, not prose copy debt."
"MEDIUM","چطور بفهمم آماده است؟","ALLOWLISTED","Harmless repeated product/technique copy; documented in allowlist."
"MEDIUM","از نظر کیفی، این غذا بسته به مواد اصلی‌اش می‌تواند پروتئین‌محور، نشاسته‌محور یا چرب و مجلسی باشد؛ اندازهٔ سهم و همراه‌های سرو بیشترین اثر را روی سبک یا سنگین شدن وعده دارند","ALLOWLISTED","Repeated amount/unit or ingredient-line fragment, not prose copy debt."
"MEDIUM","راز اصلی این است که ماده مرکزی را زیر سس، پنیر یا رویه دفن نکنید؛ نسبت‌ها باید طوری بمانند که اولین لقمه دقیقاً همین غذا را معرفی کند","ALLOWLISTED","Repeated amount/unit or ingredient-line fragment, not prose copy debt."
"MEDIUM","نان پیتا، کراکر، سبزیجات خام، خیار، گوجه گیلاسی، چیپس پیتا، سالاد کوچک یا کنار چند مزه سرد و گرم دیگر","ALLOWLISTED","Repeated amount/unit or ingredient-line fragment, not prose copy debt."
"MEDIUM","آماده‌سازی زودهنگام: بخش‌های خشک یا پرکن را می‌توان از قبل آماده کرد، اما مونتاژ نزدیک سرو بهتر است","ALLOWLISTED","Repeated across Meze draft/hidden QA recipes only; harmless until publication review."
"MEDIUM","گرم‌کردن یا سرو دوباره: غذاهای سرد گرم‌کردن ندارند؛ غذاهای پختنی را با فر یا تابه کوتاه گرم کنید","ALLOWLISTED","Repeated amount/unit or ingredient-line fragment, not prose copy debt."
"MEDIUM","این مزه برای سرو اشتراکی طراحی شده و بهتر است مقدار هر نفر با اندازه لقمه یا قاشق سرو کنترل شود","ALLOWLISTED","Repeated amount/unit or ingredient-line fragment, not prose copy debt."
"MEDIUM","مواد را دو برابر کنید، اما پخت یا مونتاژ را در دو نوبت انجام دهید تا سینی یا کاسه شلوغ نشود","ALLOWLISTED","Repeated across Meze draft/hidden QA recipes only; harmless until publication review."
"MEDIUM","این نسخه برای آشپز خانگی نوشته شده و روی نشانه‌های حسی، حرارت درست و زمان استراحت تکیه دارد","ALLOWLISTED","Harmless repeated product/technique copy; documented in allowlist."
"MEDIUM","این عدد برای نمایش عمومی است و با اندازهٔ دقیق سهم و تغییر مقدار روغن یا سس جابه‌جا می‌شود","ALLOWLISTED","Harmless repeated product/technique copy; documented in allowlist."
"MEDIUM","این توضیح برای درک عمومی ترکیب غذاست و با اندازهٔ سهم، روغن یا همراه‌های سرو تغییر می‌کند","ALLOWLISTED","Harmless repeated product/technique copy; documented in allowlist."
"MEDIUM","ماده شاخص همین دستور را پررنگ نگه دارید و از اضافه‌کردن مواد رسپی نزدیک خودداری کنید","ALLOWLISTED","Repeated across Meze draft/hidden QA recipes only; harmless until publication review."
"MEDIUM","نکته خرید: تازه و خوش‌بو انتخاب شود؛ کیفیت ماده در دستورهای ساده بیشتر دیده می‌شود","ALLOWLISTED","Harmless repeated product/technique copy; documented in allowlist."
"MEDIUM","بخش‌هایی از دستور بله، اما مونتاژ نهایی نزدیک سرو کیفیت بافت را بهتر نگه می‌دارد","ALLOWLISTED","Repeated across Meze draft/hidden QA recipes only; harmless until publication review."
"MEDIUM","نکته خرید: نوع خوش‌بو و تازه بگیرید؛ کهنگی در این ماده سریع خودش را نشان می‌دهد","ALLOWLISTED","Harmless repeated product/technique copy; documented in allowlist."
"MEDIUM","مواد را طبق ترتیب دستور مخلوط کنید؛ هر جا بافت شکل گرفت، بیش از اندازه هم نزنید","ALLOWLISTED","Harmless repeated product/technique copy; documented in allowlist."
"MEDIUM","بو، رنگ و بافت از ساعت مهم‌ترند؛ سطح باید جاافتاده و مرکز بیش از حد شل نباشد","ALLOWLISTED","Harmless repeated product/technique copy; documented in allowlist."
"MEDIUM","رطوبت بخش پایه کنترل نشده؛ خشک‌کردن، آبکش‌کردن یا استراحت سرد را جدی بگیرید","ALLOWLISTED","Repeated across Meze draft/hidden QA recipes only; harmless until publication review."
"MEDIUM","فقط همان عنصر تند یا ترش دستور را کم‌وزیاد کنید تا غذا به مسیر دیگری نرود","ALLOWLISTED","Repeated across Meze draft/hidden QA recipes only; harmless until publication review."
"MEDIUM","این غذا بر اساس مواد فعلی، سهمی با انرژی و درشت‌مغذی‌های قابل توجه دارد","ALLOWLISTED","Harmless repeated product/technique copy; documented in allowlist."
"MEDIUM","یخچال: در ظرف دربسته معمولاً 1 تا 2 روز قابل نگه‌داری است، با افت بافت","ALLOWLISTED","Repeated across Meze draft/hidden QA recipes only; harmless until publication review."
"MEDIUM","عنصر تعادل‌دهنده مثل لیمو، ماست، عسل یا خامه ترش درست استفاده نشده است","ALLOWLISTED","Repeated across Meze draft/hidden QA recipes only; harmless until publication review."
"MEDIUM","قبل از برش یا سرو، کمی زمان بدهید تا بافت جا بیفتد و طعم‌ها آرام شوند","ALLOWLISTED","Harmless repeated product/technique copy; documented in allowlist."
"MEDIUM","شیر تازه و سرد برای نوشیدنی سرد، یا شیر تازه برای گرم‌کردن انتخاب کن","ALLOWLISTED","Repeated amount/unit or ingredient-line fragment, not prose copy debt."
"MEDIUM","اندازه لقمه را برای مهمانی کوچک‌تر کنید، اما ترکیب اصلی را عوض نکنید","ALLOWLISTED","Repeated amount/unit or ingredient-line fragment, not prose copy debt."
"MEDIUM","معمولاً رطوبت کنترل نشده یا مرحله سردکردن/برشته‌کردن کوتاه بوده است","ALLOWLISTED","Repeated across Meze draft/hidden QA recipes only; harmless until publication review."
"MEDIUM","فریز: برای اغلب مزه‌های لبنی، سبزیجات خام یا سوخاری پیشنهاد نمی‌شود","ALLOWLISTED","Repeated across Meze draft/hidden QA recipes only; harmless until publication review."
"MEDIUM","شدت تندی، ترشی یا شیرینی را در همان چارچوب مواد دستور کم‌وزیاد کنید","ALLOWLISTED","Repeated across Meze draft/hidden QA recipes only; harmless until publication review."
"MEDIUM","برای سرو رسمی‌تر، رویه را کم و تمیز نگه دارید تا بافت اصلی دیده شود","ALLOWLISTED","Repeated amount/unit or ingredient-line fragment, not prose copy debt."
"MEDIUM","واقعی: اگر جایگزین هم‌نقش مطمئن ندارید، بهتر است حذف یا تعویض نشود","ALLOWLISTED","Harmless repeated product/technique copy; documented in allowlist."
"MEDIUM","اندازه یا مقدار پرکن زیاد است؛ لقمه را کوچک‌تر و سفت‌تر بسازید","ALLOWLISTED","Repeated across Meze draft/hidden QA recipes only; harmless until publication review."
"MEDIUM","اگر شیرینی زیاد است، کمی چاشنی ترش یا مغز خام تعادل می‌دهد","ALLOWLISTED","Harmless repeated product/technique copy; documented in allowlist."
"MEDIUM","نکته خرید: ادویه و سبزی خشک تازه‌تر، عطر واضح‌تری می‌دهد","ALLOWLISTED","Harmless repeated product/technique copy; documented in allowlist."
"MEDIUM","کمی بله، اما کاهش زیاد روی رنگ، بافت و قوام اثر می‌گذارد","ALLOWLISTED","Harmless repeated product/technique copy; documented in allowlist."
"MEDIUM","مواد خشک و تر را جدا آماده کنید تا هنگام پخت معطل نشوید","ALLOWLISTED","Harmless repeated product/technique copy; documented in allowlist."
"MEDIUM","برای بافت لطیف‌تر، مواد لبنی را خیلی سرد استفاده نکنید","ALLOWLISTED","Harmless repeated product/technique copy; documented in allowlist."
"MEDIUM","اندازه‌گیری دقیق در دسرها مهم‌تر از غذاهای روزمره است","ALLOWLISTED","Harmless repeated product/technique copy; documented in allowlist."
"MEDIUM","حرارت زیاد، بیرون را می‌سوزاند و داخل را خام می‌گذارد","ALLOWLISTED","Harmless repeated product/technique copy; documented in allowlist."
"MEDIUM","در ظرف تمیز، با تزئین ساده و مقدار کنترل‌شده سرو شود","ALLOWLISTED","Harmless repeated product/technique copy; documented in allowlist."
"MEDIUM","نکته خرید: آب تمیز و بدون بوی کلر شدید استفاده کنید","ALLOWLISTED","Harmless repeated product/technique copy; documented in allowlist."
"MEDIUM","کره نمک‌دار فقط با کاهش نمک دستور قابل استفاده است","ALLOWLISTED","Harmless repeated product/technique copy; documented in allowlist."
"MEDIUM","نکته خرید: کره تازه و بدون بوی یخچال انتخاب کنید","ALLOWLISTED","Harmless repeated product/technique copy; documented in allowlist."
"MEDIUM","سرو خیلی فوری می‌تواند دسر را شل یا ناپایدار کند","ALLOWLISTED","Harmless repeated product/technique copy; documented in allowlist."
"MEDIUM","عدد کالری برای نمایش فعلی این رسپی ثبت نشده است","ALLOWLISTED","Harmless repeated product/technique copy; documented in allowlist."
"MEDIUM","بیسکویت ساده کیک کم‌شیرین صبحانه یا عصرانه سبک","ALLOWLISTED","Harmless repeated product/technique copy; documented in allowlist."
"MEDIUM","حفظ هویت همین دستور در طعم، بافت و فرم سرو","ALLOWLISTED","Repeated across Meze draft/hidden QA recipes only; harmless until publication review."
"MEDIUM","نکته خرید: آب تمیز و بدون بو استفاده کنید","ALLOWLISTED","Harmless repeated product/technique copy; documented in allowlist."
"MEDIUM","برش زودهنگام، شکل دسر را خراب می‌کند","ALLOWLISTED","Harmless repeated product/technique copy; documented in allowlist."
"MEDIUM","دسر را قبل از برش کمی استراحت دهید","ALLOWLISTED","Harmless repeated product/technique copy; documented in allowlist."
"MEDIUM","هم‌زدن زیاد، بافت را متراکم می‌کند","ALLOWLISTED","Harmless repeated product/technique copy; documented in allowlist."
"MEDIUM","قبل از شروع، همه مواد را وزن کنید","ALLOWLISTED","Harmless repeated product/technique copy; documented in allowlist."
"MEDIUM","زمان این مرحله حدود 10 دقیقه است","ALLOWLISTED","Harmless repeated product/technique copy; documented in allowlist."
"MEDIUM","ساخت بافت مناسب برای سرو لقمه‌ای","ALLOWLISTED","Repeated across Meze draft/hidden QA recipes only; harmless until publication review."
"MEDIUM","هم‌زدن زیاد بافت را سنگین می‌کند","ALLOWLISTED","Harmless repeated product/technique copy; documented in allowlist."
"MEDIUM","آزادکردن عطر بدون تلخ‌کردن مواد","ALLOWLISTED","Harmless repeated product/technique copy; documented in allowlist."
"MEDIUM","زمان‌بندی اضافه‌کردن رویه یا سس","ALLOWLISTED","Repeated across Meze draft/hidden QA recipes only; harmless until publication review."
"MEDIUM","ابزار مناسب: همان ابزار مرحله","ALLOWLISTED","Harmless repeated product/technique copy; documented in allowlist."
"MEDIUM","کنترل نسبت پایه و رقیق‌کننده","ALLOWLISTED","Harmless repeated product/technique copy; documented in allowlist."
"MEDIUM","سینی یا تابه متناسب با دستور","ALLOWLISTED","Repeated across Meze draft/hidden QA recipes only; harmless until publication review."
"MEDIUM","می‌توان مقدار شکر را کم کرد؟","ALLOWLISTED","Harmless repeated product/technique copy; documented in allowlist."
"MEDIUM","غذا به رسپی مشابه نزدیک شده","ALLOWLISTED","Repeated across Meze draft/hidden QA recipes only; harmless until publication review."
"MEDIUM","لقمه روی میز تمیز نمی‌ماند","ALLOWLISTED","Repeated across Meze draft/hidden QA recipes only; harmless until publication review."
"MEDIUM","حرارت را تدریجی نگه دارید","ALLOWLISTED","Harmless repeated product/technique copy; documented in allowlist."
"MEDIUM","تازه آسیاب‌شده بهتر است","ALLOWLISTED","Harmless repeated product/technique copy; documented in allowlist."
"MEDIUM","بی‌دخالت: حدود ۲۰ دقیقه","ALLOWLISTED","Harmless repeated product/technique copy; documented in allowlist."
"MEDIUM","سرو فوری در بهترین دما","ALLOWLISTED","Harmless repeated product/technique copy; documented in allowlist."
"MEDIUM","مقدار: 2 قاشق غذاخوری","ALLOWLISTED","Repeated amount/unit or ingredient-line fragment, not prose copy debt."
"MEDIUM","کار با یخ و لیوان سرد","ALLOWLISTED","Harmless repeated product/technique copy; documented in allowlist."
"MEDIUM","کنترل رطوبت بخش پایه","ALLOWLISTED","Repeated across Meze draft/hidden QA recipes only; harmless until publication review."
"MEDIUM","سرو تمیز روی میز مزه","ALLOWLISTED","Repeated across Meze draft/hidden QA recipes only; harmless until publication review."
"MEDIUM","از نظر کیفی، سهم اصلی سیری و انرژی از مواد پایهٔ همین غذا و روش پخت آن می‌آید، بدون ادعای درمانی یا رژیمی","ALLOWLISTED","Standardized safety/nutrition disclaimer; allowed because it prevents medical or fabricated nutrition claims."
"MEDIUM","نکته خرید: تازه، هم‌اندازه و با بوی طبیعی انتخاب کنید؛ چربی متعادل به آبداری کمک می‌کند","ALLOWLISTED","Harmless repeated product/technique copy; documented in allowlist."
"MEDIUM","اطلاعات عددی تغذیه‌ای برای این دستور موجود نیست؛ بنابراین عددی ساخته نمی‌شود","ALLOWLISTED","Harmless repeated product/technique copy; documented in allowlist."
"MEDIUM","این توضیح فقط برای شناخت کلی ترکیب غذاست و جای توصیهٔ تخصصی تغذیه‌ای نیست","ALLOWLISTED","Harmless repeated product/technique copy; documented in allowlist."
"MEDIUM","نکته خرید: نوع خوش‌بو و تازه بگیرید؛ کهنگی عطر را کم و مزه را خاکی می‌کند","ALLOWLISTED","Harmless repeated product/technique copy; documented in allowlist."
"MEDIUM","ریحان یا پونه فقط سبک نوشیدنی را عوض می‌کند؛ جایگزین کامل نیست","ALLOWLISTED","Harmless repeated product/technique copy; documented in allowlist."
"MEDIUM","نمک دریا با دانه ریز ممکن است؛ مقدار را با شوری آن تنظیم کنید","ALLOWLISTED","Harmless repeated product/technique copy; documented in allowlist."
"MEDIUM","نکته خرید: حبهٔ سفت، سفید و بدون جوانه انتخاب کنید","ALLOWLISTED","Harmless repeated product/technique copy; documented in allowlist."
"MEDIUM","نکته خرید: سفت، تازه و بدون لکه یا پژمردگی بخرید","ALLOWLISTED","Harmless repeated product/technique copy; documented in allowlist."
"MEDIUM","ing_ground_beef_raw→ing_lentils_dry","ALLOWLISTED","Harmless repeated product/technique copy; documented in allowlist."
"MEDIUM","پیاز سفید، با شیرینی و رنگ ملایم‌تر","ALLOWLISTED","Harmless repeated product/technique copy; documented in allowlist."
"MEDIUM","برگ روشن، سالم و بدون لکه سیاه بگیر","ALLOWLISTED","Harmless repeated product/technique copy; documented in allowlist."
"MEDIUM","در ظرفِ دربسته در یخچال ۳ تا ۴ روز","ALLOWLISTED","Harmless repeated product/technique copy; documented in allowlist."
"MEDIUM","زمان این مرحله حدود 8 دقیقه است","ALLOWLISTED","Harmless repeated product/technique copy; documented in allowlist."
"MEDIUM","ing_potato_raw→ing_carrot_raw","ALLOWLISTED","Harmless repeated product/technique copy; documented in allowlist."
"MEDIUM","فلفل سفید مزه متفاوت می‌دهد","ALLOWLISTED","Harmless repeated product/technique copy; documented in allowlist."
"MEDIUM","گوشت چرخ‌کرده گاو خام","ALLOWLISTED","Harmless repeated product/technique copy; documented in allowlist."
"MEDIUM","نگینی یا نازک خردشده","ALLOWLISTED","Harmless repeated product/technique copy; documented in allowlist."
"MEDIUM","برای این دستور عدد کالری قابل نمایش در دادهٔ فعلی وجود ندارد؛ از نظر کیفی، انرژی غذا بیشتر از ترکیب نشاسته/چربی/شیرینی یا پروتئین اصلی آن می‌آید و بهتر است در اندازهٔ سرو کنترل‌شده مصرف شود","ALLOWLISTED","Repeated amount/unit or ingredient-line fragment, not prose copy debt."
"MEDIUM","این عدد برای نمایش عمومی است و با اندازهٔ سهم و تغییر مقدار روغن، سس یا همراه غذا تغییر می‌کند","ALLOWLISTED","Harmless repeated product/technique copy; documented in allowlist."
"MEDIUM","نکته خرید: حبه‌های سفت و بدون جوانه انتخاب کنید؛ جوانه سبز تلخی خام دارد","ALLOWLISTED","Harmless repeated product/technique copy; documented in allowlist."
"MEDIUM","در ظرفِ دربسته در یخچال (≤۴ درجه) تا ۳ تا ۴ روز","ALLOWLISTED","Harmless repeated product/technique copy; documented in allowlist."
"MEDIUM","یخچال: تا ۳ روز در یخچال در ظرف دربسته می‌ماند","ALLOWLISTED","Harmless repeated product/technique copy; documented in allowlist."
"MEDIUM","نکته خرید: سیر سفت و بدون جوانه سبز بخرید","ALLOWLISTED","Harmless repeated product/technique copy; documented in allowlist."
"MEDIUM","لیمو سنگین، پوست نازک و خوش‌بو انتخاب کن","ALLOWLISTED","Harmless repeated product/technique copy; documented in allowlist."
"MEDIUM","شالوت یا تره‌فرنگی (هم‌نقشِ پایهٔ معطر)","ALLOWLISTED","Harmless repeated product/technique copy; documented in allowlist."
"MEDIUM","ing_lamb_meat_raw→ing_veal_meat_raw","ALLOWLISTED","Harmless repeated product/technique copy; documented in allowlist."
"MEDIUM","جایگزین واقعی برای این ساختار ندارد","ALLOWLISTED","Harmless repeated product/technique copy; documented in allowlist."
"MEDIUM","یخ شفاف و بدون بوی فریزر استفاده کن","ALLOWLISTED","Harmless repeated product/technique copy; documented in allowlist."
"MEDIUM","جایگزین واقعی در این دستور ندارد","ALLOWLISTED","Harmless repeated product/technique copy; documented in allowlist."
"MEDIUM","زمان این مرحله حدود 12 دقیقه است","ALLOWLISTED","Harmless repeated product/technique copy; documented in allowlist."
"MEDIUM","فلفل تازه‌آسیاب عطر بیشتری دارد","ALLOWLISTED","Harmless repeated product/technique copy; documented in allowlist."
"MEDIUM","زمان این مرحله حدود 5 دقیقه است","ALLOWLISTED","Harmless repeated product/technique copy; documented in allowlist."
"MEDIUM","رنده‌شده یا ریز خردشده","ALLOWLISTED","Harmless repeated product/technique copy; documented in allowlist."
"MEDIUM","واقعی: نمک دریایی ریز","ALLOWLISTED","Harmless repeated product/technique copy; documented in allowlist."
"MEDIUM","⏲ آماده‌سازی زودهنگام: پایه خشک یا مواد را از قبل آماده کن؛ خود نوشیدنی گرم بهتر است همان لحظه ساخته شود","ALLOWLISTED","Repeated amount/unit or ingredient-line fragment, not prose copy debt."
"MEDIUM","نکته خرید: پیاز سفت، سنگین و بدون جوانه انتخاب کنید؛ پیاز جوانه‌زده تندی نامطلوب می‌دهد","ALLOWLISTED","Harmless repeated product/technique copy; documented in allowlist."
"MEDIUM","گرم‌کردن: گرم‌کردن دوباره فقط با حرارت ملایم ممکن است، اما کیفیت فنجان تازه را ندارد","ALLOWLISTED","Repeated amount/unit or ingredient-line fragment, not prose copy debt."
"MEDIUM","پیاز سفید یا زرد بسته به غذا نزدیک است؛ حذف آن عمق سس یا مایه را کم می‌کند","ALLOWLISTED","Harmless repeated product/technique copy; documented in allowlist."
"MEDIUM","نکته خرید: تازه و خوش‌بو انتخاب کنید و به تاریخ مصرف و بافت سالم دقت کنید","ALLOWLISTED","Harmless repeated product/technique copy; documented in allowlist."
"MEDIUM","یخچال: ماندن نوشیدنی آماده در یخچال پیشنهاد نمی‌شود؛ عطر و کف افت می‌کند","ALLOWLISTED","Harmless repeated product/technique copy; documented in allowlist."
"MEDIUM","نمک دریا با دانه ریز قابل استفاده است؛ مقدار را با شوری آن هماهنگ کنید","ALLOWLISTED","Harmless repeated product/technique copy; documented in allowlist."
"MEDIUM","شکر قهوه‌ای عطر ملاس می‌دهد و در همهٔ این دستورها جایگزین بی‌اثر نیست","ALLOWLISTED","Harmless repeated product/technique copy; documented in allowlist."
"MEDIUM","نکته خرید: تکه‌های تازه و هم‌اندازه انتخاب کنید تا پخت یکنواخت بماند","ALLOWLISTED","Harmless repeated product/technique copy; documented in allowlist."
"MEDIUM","نکته خرید: نمک یکنواخت و خشک استفاده کنید تا مقداردهی دقیق‌تر باشد","ALLOWLISTED","Harmless repeated product/technique copy; documented in allowlist."
"MEDIUM","نکته خرید: کره تازه و بی‌بو بخرید؛ کره شور کنترل نمک را سخت می‌کند","ALLOWLISTED","Harmless repeated product/technique copy; documented in allowlist."
"MEDIUM","نکته خرید: برگ سبز و شاداب بخرید؛ ساقه زرد یا لزج عطر بد می‌دهد","ALLOWLISTED","Harmless repeated product/technique copy; documented in allowlist."
"MEDIUM","نکته خرید: کره بی‌نمک بگیرید تا شوری دستور از کنترل خارج نشود","ALLOWLISTED","Harmless repeated product/technique copy; documented in allowlist."
"MEDIUM","جعفری فقط تازگی می‌دهد، اما عطر گشنیز را کامل جایگزین نمی‌کند","ALLOWLISTED","Harmless repeated product/technique copy; documented in allowlist."
"MEDIUM","نکته خرید: دانه‌ریز و خشک انتخاب کنید تا در مایه سریع حل شود","ALLOWLISTED","Harmless repeated product/technique copy; documented in allowlist."
"MEDIUM","پودر سیر فقط در اضطرار؛ عطر تازه و رطوبت سیر خام را ندارد","ALLOWLISTED","Harmless repeated product/technique copy; documented in allowlist."
"MEDIUM","ساختاردهنده؛ با گلوتن/نشاسته قوام یا پوسته می‌سازد","ALLOWLISTED","Harmless repeated product/technique copy; documented in allowlist."
"MEDIUM","نکته خرید: نمک یکنواخت و بدون رطوبت استفاده کنید","ALLOWLISTED","Harmless repeated product/technique copy; documented in allowlist."
"MEDIUM","پودر سیر عطر تازه و رطوبت سیر خام را کامل ندارد","ALLOWLISTED","Harmless repeated product/technique copy; documented in allowlist."
"MEDIUM","نکته خرید: کره تازه و بی‌بوی یخچال انتخاب کنید","ALLOWLISTED","Harmless repeated product/technique copy; documented in allowlist."
"MEDIUM","آروماتیک پایه؛ شیرینی و عطر اولیه را می‌سازد","ALLOWLISTED","Harmless repeated product/technique copy; documented in allowlist."
"MEDIUM","نکته خرید: دارچین تازه و خوش‌بو انتخاب کنید","ALLOWLISTED","Harmless repeated product/technique copy; documented in allowlist."
"MEDIUM","فلفل سفید تیزتر است و مزه را کمی عوض می‌کند","ALLOWLISTED","Harmless repeated product/technique copy; documented in allowlist."
"MEDIUM","نکته خرید: حبه‌های سفت و بدون جوانه بگیرید","ALLOWLISTED","Harmless repeated product/technique copy; documented in allowlist."
"MEDIUM","برای این نقش جایگزین دقیق و بی‌ریسک ندارد","ALLOWLISTED","Harmless repeated product/technique copy; documented in allowlist."
"MEDIUM","مارگارین عطر و رفتار کره‌ای یکسانی ندارد","ALLOWLISTED","Harmless repeated product/technique copy; documented in allowlist."
"MEDIUM","نکته خرید: نمک دانه‌ریز بهتر پخش می‌شود","ALLOWLISTED","Harmless repeated product/technique copy; documented in allowlist."
"MEDIUM","بی‌دخالت: حدود ۲۰ دقیقه کار فعال","ALLOWLISTED","Harmless repeated product/technique copy; documented in allowlist."
"MEDIUM","روغن خنثی مشابه قابل استفاده است","ALLOWLISTED","Harmless repeated product/technique copy; documented in allowlist."
"MEDIUM","پودر سیر عطر تازه را کامل ندارد","ALLOWLISTED","Harmless repeated product/technique copy; documented in allowlist."
"MEDIUM","زمان این مرحله حدود 3 دقیقه است","ALLOWLISTED","Harmless repeated product/technique copy; documented in allowlist."
"MEDIUM","زمان این مرحله حدود 4 دقیقه است","ALLOWLISTED","Harmless repeated product/technique copy; documented in allowlist."
"MEDIUM","از شب قبل خیسانده و آبکش‌شده","ALLOWLISTED","Harmless repeated product/technique copy; documented in allowlist."
"MEDIUM","زمان راهنما: حدود 8 دقیقه","ALLOWLISTED","Harmless repeated product/technique copy; documented in allowlist."
"MEDIUM","75 قاشق چای‌خوری (ضروری)","ALLOWLISTED","Repeated amount/unit or ingredient-line fragment, not prose copy debt."
"MEDIUM","روغن خنثی مناسب سرخ‌کردن","ALLOWLISTED","Harmless repeated product/technique copy; documented in allowlist."
"MEDIUM","خلالی یا نگینی خردشده","ALLOWLISTED","Harmless repeated product/technique copy; documented in allowlist."
"MEDIUM","مقدار: ۲ قاشق غذاخوری","ALLOWLISTED","Repeated amount/unit or ingredient-line fragment, not prose copy debt."
"MEDIUM","نعناع با فشار کوتاه روغن‌های معطرش را پس می‌دهد؛ له‌کردن طولانی کلروفیل و تلخی را وارد نوشیدنی می‌کند","ALLOWLISTED","Harmless repeated product/technique copy; documented in allowlist."
"MEDIUM","نکته خرید: روغن تازه و مناسب حرارت انتخاب کنید؛ روغن مانده طعم سوخته می‌دهد","ALLOWLISTED","Harmless repeated product/technique copy; documented in allowlist."
"MEDIUM","شکر قهوه‌ای عطر و رطوبت متفاوت می‌دهد و جایگزین مستقیم همه این دستورها نیست","ALLOWLISTED","Harmless repeated product/technique copy; documented in allowlist."
"MEDIUM","زمان کافی عطر را آزاد می‌کند، اما ماندن بیش از حد تانن را جلو می‌اندازد","ALLOWLISTED","Harmless repeated product/technique copy; documented in allowlist."
"MEDIUM","شکر قهوه‌ای عطر و رطوبت متفاوت می‌دهد و جایگزین مستقیم همه دستورها نیست","ALLOWLISTED","Harmless repeated product/technique copy; documented in allowlist."
"MEDIUM","شالوت برای مقدار کم مناسب است، اما در غذاهای دیگی گران و کم‌حجم می‌شود","ALLOWLISTED","Harmless repeated product/technique copy; documented in allowlist."
"MEDIUM","پیاز سفید یا زرد بسته به غذا نزدیک است؛ حذف آن بافت و عطر را کم می‌کند","ALLOWLISTED","Harmless repeated product/technique copy; documented in allowlist."
"MEDIUM","آرد همه‌منظوره نزدیک‌ترین گزینه است؛ آرد سبوس‌دار بافت را سنگین می‌کند","ALLOWLISTED","Harmless repeated product/technique copy; documented in allowlist."
"MEDIUM","نکته خرید: تخم‌مرغ تازه و هم‌دما با محیط برای دسرها بهتر مخلوط می‌شود","ALLOWLISTED","Harmless repeated product/technique copy; documented in allowlist."
"MEDIUM","نکته خرید: پیاز زرد سفت و سالم بخرید؛ پیاز آبکی دیر طلایی می‌شود","ALLOWLISTED","Harmless repeated product/technique copy; documented in allowlist."
"MEDIUM","جایگزین واقعی یکسان ندارد؛ حذف آن بافت را به‌وضوح تغییر می‌دهد","ALLOWLISTED","Harmless repeated product/technique copy; documented in allowlist."
"MEDIUM","آب لیمو شکر را از حالت سنگین خارج می‌کند و عطری روشن می‌سازد","ALLOWLISTED","Harmless repeated product/technique copy; documented in allowlist."
"MEDIUM","برگ چای، ماته یا پودر ماچا با آب خیلی داغ تلخی تند می‌دهد","ALLOWLISTED","Harmless repeated product/technique copy; documented in allowlist."
"MEDIUM","واقعی: جایگزین مستقیم ندارد؛ حذف آن ساختار را عوض می‌کند","ALLOWLISTED","Harmless repeated product/technique copy; documented in allowlist."
"MEDIUM","جایگزین دقیق ندارد؛ گوجهٔ تازه قوام و رنگ مشابه نمی‌دهد","ALLOWLISTED","Harmless repeated product/technique copy; documented in allowlist."
"MEDIUM","گرم‌کردن یا سرو دوباره: گرم‌کردن ندارد؛ سرد سرو می‌شود","ALLOWLISTED","Repeated amount/unit or ingredient-line fragment, not prose copy debt."
"MEDIUM","پودر سیر عطر تازه و بافت نرم‌شدهٔ بوته سیر را نمی‌دهد","ALLOWLISTED","Harmless repeated product/technique copy; documented in allowlist."
"MEDIUM","شکر قهوه‌ای عطر ملاس می‌دهد و رنگ را تیره‌تر می‌کند","ALLOWLISTED","Harmless repeated product/technique copy; documented in allowlist."
"MEDIUM","ادویه هم‌خانواده فقط نقش عطری دارد، نه جایگزین دقیق","ALLOWLISTED","Harmless repeated product/technique copy; documented in allowlist."
"MEDIUM","نکته خرید: آرد تازه و بدون بوی ماندگی استفاده کنید","ALLOWLISTED","Harmless repeated product/technique copy; documented in allowlist."
"MEDIUM","نکته خرید: شکر خشک و دانه‌ریز بخرید تا سریع حل شود","ALLOWLISTED","Harmless repeated product/technique copy; documented in allowlist."
"MEDIUM","چای یا پودر تازه، خوش‌بو و بدون رطوبت انتخاب کن","ALLOWLISTED","Harmless repeated product/technique copy; documented in allowlist."
"MEDIUM","ادویه تازه و خوش‌بو بگیر؛ پودر کهنه کم‌اثر است","ALLOWLISTED","Harmless repeated product/technique copy; documented in allowlist."
"MEDIUM","نکته خرید: شکر خشک و ریزدانه سریع‌تر حل می‌شود","ALLOWLISTED","Harmless repeated product/technique copy; documented in allowlist."
"MEDIUM","در ظرفِ دربسته در یخچال (≤۴ درجه) ۳ تا ۴ روز","ALLOWLISTED","Harmless repeated product/technique copy; documented in allowlist."
"MEDIUM","نکته خرید: شکر خشک و دانه‌ریز بهتر حل می‌شود","ALLOWLISTED","Harmless repeated product/technique copy; documented in allowlist."
"MEDIUM","نشانهٔ درست، ترشی تمیز بدون سوزش تند است","ALLOWLISTED","Harmless repeated product/technique copy; documented in allowlist."
"MEDIUM","نشانهٔ درست، رنگ واضح بدون مزه سوخته است","ALLOWLISTED","Harmless repeated product/technique copy; documented in allowlist."
"MEDIUM","زمان دم‌آوری، عطر را از تانن جدا می‌کند:","ALLOWLISTED","Harmless repeated product/technique copy; documented in allowlist."
"MEDIUM","نشانهٔ درست، عطر مشخص بدون خشکی دهان است","ALLOWLISTED","Harmless repeated product/technique copy; documented in allowlist."
"MEDIUM","پیاز سفید با شیرینی کمتر و رنگ ملایم‌تر","ALLOWLISTED","Harmless repeated product/technique copy; documented in allowlist."
"MEDIUM","نکته خرید: فلفل سفت و براق انتخاب کنید","ALLOWLISTED","Harmless repeated product/technique copy; documented in allowlist."
"MEDIUM","گوشت گوساله خورشتی، با زمان پخت بیشتر","ALLOWLISTED","Harmless repeated product/technique copy; documented in allowlist."
"MEDIUM","ing_chicken_breast_raw→ing_tofu_firm","ALLOWLISTED","Harmless repeated product/technique copy; documented in allowlist."
"MEDIUM","نشانهٔ درست، برگ سالم و بوی خنک است","ALLOWLISTED","Harmless repeated product/technique copy; documented in allowlist."
"MEDIUM","در ظرف دربسته در یخچال ۳ تا ۴ روز","ALLOWLISTED","Harmless repeated product/technique copy; documented in allowlist."
"MEDIUM","برگ سبز، عطر آزاد می‌کند نه رنگ:","ALLOWLISTED","Harmless repeated product/technique copy; documented in allowlist."
"MEDIUM","ملایم‌تر و کمی شیرین‌تر؛ هم‌نقش","ALLOWLISTED","Harmless repeated product/technique copy; documented in allowlist."
"MEDIUM","اسید لیمو شیرینی را تیز می‌کند:","ALLOWLISTED","Harmless repeated product/technique copy; documented in allowlist."
"MEDIUM","دمای آب، تلخی را کنترل می‌کند:","ALLOWLISTED","Harmless repeated product/technique copy; documented in allowlist."
"MEDIUM","حدود ۱ قاشق چای‌خوری، به‌مزه","ALLOWLISTED","Repeated amount/unit or ingredient-line fragment, not prose copy debt."
"MEDIUM","هر روغن خنثی مناسب سرخ‌کردن","ALLOWLISTED","Harmless repeated product/technique copy; documented in allowlist."
"MEDIUM","نصف قاشق چای‌خوری (به‌مزه)","ALLOWLISTED","Repeated amount/unit or ingredient-line fragment, not prose copy debt."
"MEDIUM","واقعی: جایگزین کامل ندارد","ALLOWLISTED","Harmless repeated product/technique copy; documented in allowlist."
"MEDIUM","زمان راهنما: حدود 4 دقیقه","ALLOWLISTED","Harmless repeated product/technique copy; documented in allowlist."
"MEDIUM","زمان راهنما: حدود 2 دقیقه","ALLOWLISTED","Harmless repeated product/technique copy; documented in allowlist."
"MEDIUM","مقدار: ۰٫۵ قاشق چای‌خوری","ALLOWLISTED","Repeated amount/unit or ingredient-line fragment, not prose copy debt."
"MEDIUM","1 قاشق غذاخوری (اختیاری)","ALLOWLISTED","Repeated amount/unit or ingredient-line fragment, not prose copy debt."
"MEDIUM","بی‌دخالت: حدود ۱۵ دقیقه","ALLOWLISTED","Harmless repeated product/technique copy; documented in allowlist."
"MEDIUM","بی‌دخالت: حدود ۳۰ دقیقه","ALLOWLISTED","Harmless repeated product/technique copy; documented in allowlist."
"MEDIUM","گوشت چرخ‌کردهٔ بوقلمون","ALLOWLISTED","Harmless repeated product/technique copy; documented in allowlist."
"MEDIUM","آب لیموی خوش‌بو بگیرید","ALLOWLISTED","Repeated across Meze draft/hidden QA recipes only; harmless until publication review."
"MEDIUM","مقدار: ۱ قاشق غذاخوری","ALLOWLISTED","Repeated amount/unit or ingredient-line fragment, not prose copy debt."
"MEDIUM","مقدار: ۳ قاشق غذاخوری","ALLOWLISTED","Repeated amount/unit or ingredient-line fragment, not prose copy debt."
"MEDIUM","مقدار: 3 قاشق غذاخوری","ALLOWLISTED","Repeated amount/unit or ingredient-line fragment, not prose copy debt."
"MEDIUM","گوشت چرخ‌کرده خوک خام","ALLOWLISTED","Harmless repeated product/technique copy; documented in allowlist."
"MEDIUM","دم‌کنی یا حولهٔ تمیز","ALLOWLISTED","Harmless repeated product/technique copy; documented in allowlist."
"MEDIUM","نکته خرید: مرغ تازه، بی‌بو و با بافت سفت انتخاب کنید؛ برای تریاکی پوست سالم و خشک مهم است","ALLOWLISTED","Low-count phrase shared by related ingredients/techniques; below actionable uniqueness threshold."
"MEDIUM","سینه مرغ فقط در بعضی نسخه‌ها ممکن است، اما در پخت آرام یا سرخ‌کردن پوستی خشک‌تر می‌شود","ALLOWLISTED","Low-count phrase shared by related ingredients/techniques; below actionable uniqueness threshold."
"MEDIUM","نکته خرید: نوع سالم و متناسب با همین دستور بگیرید؛ جایگزین نامناسب بافت را عوض می‌کند","ALLOWLISTED","Low-count phrase shared by related ingredients/techniques; below actionable uniqueness threshold."
"MEDIUM","وقتی میوه یا شیر سرد باشد، مخلوط‌کن کمتر کف می‌سازد و نوشیدنی دیرتر آب می‌اندازد","ALLOWLISTED","Low-count phrase shared by related ingredients/techniques; below actionable uniqueness threshold."
"MEDIUM","نکته خرید: محصول تازه و خوش‌بو انتخاب کنید؛ بوی ترش یا کهنگی مزه را خراب می‌کند","ALLOWLISTED","Low-count phrase shared by related ingredients/techniques; below actionable uniqueness threshold."
"MEDIUM","نکته خرید: آرد تازه و بدون بوی ماندگی بخرید؛ برای دسرها الک‌کردن کمک می‌کند","ALLOWLISTED","Low-count phrase shared by related ingredients/techniques; below actionable uniqueness threshold."
"MEDIUM","چرخش طولانی هوا را وارد نوشیدنی می‌کند و عطر میوه یا مغز را کم‌رنگ می‌سازد","ALLOWLISTED","Low-count phrase shared by related ingredients/techniques; below actionable uniqueness threshold."
"MEDIUM","نکته خرید: نوع خوش‌بو و باکیفیت بگیرید؛ طعم آن در این دستور پنهان نمی‌شود","ALLOWLISTED","Low-count phrase shared by related ingredients/techniques; below actionable uniqueness threshold."
"MEDIUM","آرد همه‌منظوره نزدیک‌ترین جایگزین است؛ آرد سبوس‌دار بافت را سنگین می‌کند","ALLOWLISTED","Low-count phrase shared by related ingredients/techniques; below actionable uniqueness threshold."
"MEDIUM","روغن خنثی در برخی خمیرها ممکن است، اما عطر و بافت کره‌ای کامل نمی‌دهد","ALLOWLISTED","Low-count phrase shared by related ingredients/techniques; below actionable uniqueness threshold."
"MEDIUM","نکته خرید: آرد تازه و بدون بوی ماندگی بخرید و برای دسرها الک کنید","ALLOWLISTED","Low-count phrase shared by related ingredients/techniques; below actionable uniqueness threshold."
"MEDIUM","آرد نان گلوتن بیشتری دارد و برای این دسرها بافت را سفت‌تر می‌کند","ALLOWLISTED","Low-count phrase shared by related ingredients/techniques; below actionable uniqueness threshold."
"MEDIUM","نکته خرید: نمک ریز و تمیز انتخاب کنید تا روی سطح یکنواخت بنشیند","ALLOWLISTED","Low-count phrase shared by related ingredients/techniques; below actionable uniqueness threshold."
"MEDIUM","نکته خرید: شکر دانه‌ریز خشک و یکنواخت بهتر در مایه پخش می‌شود","ALLOWLISTED","Low-count phrase shared by related ingredients/techniques; below actionable uniqueness threshold."
"MEDIUM","سبزی‌های معطر را له نکن؛ تلخی و تیرگی از همین‌جا شروع می‌شود","ALLOWLISTED","Low-count phrase shared by related ingredients/techniques; below actionable uniqueness threshold."
"MEDIUM","مخلوط‌کن را طولانی روشن نگذار؛ هوا و گرما بافت را شل می‌کند","ALLOWLISTED","Repeated amount/unit or ingredient-line fragment, not prose copy debt."
"MEDIUM","روغن آفتابگردانِ مناسب سرخ‌کردن نزدیک‌ترین جایگزین است","ALLOWLISTED","Low-count phrase shared by related ingredients/techniques; below actionable uniqueness threshold."
"MEDIUM","نکته خرید: ران مرغ تازه با بوی سالم و سطح غیرلزج بخرید","ALLOWLISTED","Low-count phrase shared by related ingredients/techniques; below actionable uniqueness threshold."
"MEDIUM","حذف، اگر عطر آن را نمی‌خواهید؛ جایگزین دقیق لازم نیست","ALLOWLISTED","Low-count phrase shared by related ingredients/techniques; below actionable uniqueness threshold."
"MEDIUM","نکته خرید: حبه‌های سفت، بدون جوانه و تازه انتخاب کنید","ALLOWLISTED","Low-count phrase shared by related ingredients/techniques; below actionable uniqueness threshold."
"MEDIUM","نکته خرید: پیاز سفت، آبدار و بدون جوانه انتخاب کنید","ALLOWLISTED","Low-count phrase shared by related ingredients/techniques; below actionable uniqueness threshold."
"MEDIUM","نمک فقط شوری می‌دهد و عمق تخمیری را جایگزین نمی‌کند","ALLOWLISTED","Low-count phrase shared by related ingredients/techniques; below actionable uniqueness threshold."
"MEDIUM","فلفل سفید تیزتر است و شخصیت مزه را کمی عوض می‌کند","ALLOWLISTED","Low-count phrase shared by related ingredients/techniques; below actionable uniqueness threshold."
"MEDIUM","نکته خرید: زردچوبه خوش‌رنگ و بدون بوی کهنگی بخرید","ALLOWLISTED","Low-count phrase shared by related ingredients/techniques; below actionable uniqueness threshold."
"MEDIUM","گرم‌کردن: گرم‌کردن ندارد؛ این دسر سرد سرو می‌شود","ALLOWLISTED","Repeated amount/unit or ingredient-line fragment, not prose copy debt."
"MEDIUM","نکته خرید: تخم‌مرغ تازه با پوسته سالم بگیرید","ALLOWLISTED","Low-count phrase shared by related ingredients/techniques; below actionable uniqueness threshold."
"MEDIUM","نکته خرید: فلفل تازه‌آسیاب عطر واضح‌تری دارد","ALLOWLISTED","Low-count phrase shared by related ingredients/techniques; below actionable uniqueness threshold."
"MEDIUM","پروتئین اصلی؛ باید آبدار بماند و خشک نشود","ALLOWLISTED","Repeated amount/unit or ingredient-line fragment, not prose copy debt."
"MEDIUM","نکته خرید: فلفل تازه‌آسیاب عطر بهتری دارد","ALLOWLISTED","Low-count phrase shared by related ingredients/techniques; below actionable uniqueness threshold."
"MEDIUM","لیمو سبز تیزتر است و مقدارش باید کمتر شود","ALLOWLISTED","Low-count phrase shared by related ingredients/techniques; below actionable uniqueness threshold."
"MEDIUM","نشانهٔ درست، نوشیدنی نرم بدون کف حجیم است","ALLOWLISTED","Low-count phrase shared by related ingredients/techniques; below actionable uniqueness threshold."
"MEDIUM","ملایم‌تر؛ فقط قسمتِ سفید را استفاده کنید","ALLOWLISTED","Low-count phrase shared by related ingredients/techniques; below actionable uniqueness threshold."
"MEDIUM","ملایم‌تر و کمی شیرین‌تر؛ هم‌نقش آروماتیک","ALLOWLISTED","Low-count phrase shared by related ingredients/techniques; below actionable uniqueness threshold."
"MEDIUM","شکر قهوه‌ای مزه و رطوبت را تغییر می‌دهد","ALLOWLISTED","Low-count phrase shared by related ingredients/techniques; below actionable uniqueness threshold."
"MEDIUM","نشانهٔ درست، سطح صاف و قوام یکنواخت است","ALLOWLISTED","Low-count phrase shared by related ingredients/techniques; below actionable uniqueness threshold."
"MEDIUM","نکته خرید: پیاز سفت و تازه انتخاب کنید","ALLOWLISTED","Low-count phrase shared by related ingredients/techniques; below actionable uniqueness threshold."
"MEDIUM","ing_whole_egg_raw→ing_ground_flaxseed","ALLOWLISTED","Low-count phrase shared by related ingredients/techniques; below actionable uniqueness threshold."
"MEDIUM","حذف ممکن است، اما عمق عطر کمتر می‌شود","ALLOWLISTED","Low-count phrase shared by related ingredients/techniques; below actionable uniqueness threshold."
"MEDIUM","میکس کوتاه، بافت را زنده نگه می‌دارد:","ALLOWLISTED","Low-count phrase shared by related ingredients/techniques; below actionable uniqueness threshold."
"MEDIUM","حفظ عطر میوه یا مغز بدون شیرینی اضافه","ALLOWLISTED","Low-count phrase shared by related ingredients/techniques; below actionable uniqueness threshold."
"MEDIUM","فلفلِ تازه‌آسیاب‌شده عطر بیشتری دارد","ALLOWLISTED","Low-count phrase shared by related ingredients/techniques; below actionable uniqueness threshold."
"MEDIUM","ing_all_purpose_flour→ing_rice_flour","ALLOWLISTED","Low-count phrase shared by related ingredients/techniques; below actionable uniqueness threshold."
"MEDIUM","سرمای بخش پایه، قوام را نگه می‌دارد:","ALLOWLISTED","Low-count phrase shared by related ingredients/techniques; below actionable uniqueness threshold."
"MEDIUM","پودر سیر عطر تازه و خام مشابه ندارد","ALLOWLISTED","Low-count phrase shared by related ingredients/techniques; below actionable uniqueness threshold."
"MEDIUM","میکس کوتاه برای جلوگیری از کف زیاد","ALLOWLISTED","Low-count phrase shared by related ingredients/techniques; below actionable uniqueness threshold."
"MEDIUM","کنترل دمای آب برای جلوگیری از تلخی","ALLOWLISTED","Low-count phrase shared by related ingredients/techniques; below actionable uniqueness threshold."
"MEDIUM","فلفلِ تازه‌آسیاب عطر بیشتری دارد","ALLOWLISTED","Low-count phrase shared by related ingredients/techniques; below actionable uniqueness threshold."
"MEDIUM","جایگزین واقعی در همین بافت ندارد","ALLOWLISTED","Low-count phrase shared by related ingredients/techniques; below actionable uniqueness threshold."
"MEDIUM","پیاز سفید نزدیک‌ترین جایگزین است","ALLOWLISTED","Low-count phrase shared by related ingredients/techniques; below actionable uniqueness threshold."
"MEDIUM","زمان این مرحله حدود 35 دقیقه است","ALLOWLISTED","Low-count phrase shared by related ingredients/techniques; below actionable uniqueness threshold."
"MEDIUM","سیر تازه بهتر از پودر سیر است","ALLOWLISTED","Low-count phrase shared by related ingredients/techniques; below actionable uniqueness threshold."
"MEDIUM","تنظیم قوام با شیر یا میوه سرد","ALLOWLISTED","Low-count phrase shared by related ingredients/techniques; below actionable uniqueness threshold."
"MEDIUM","صاف‌کردن یا هم‌زدن بدون گلوله","ALLOWLISTED","Low-count phrase shared by related ingredients/techniques; below actionable uniqueness threshold."
"MEDIUM","روغن آفتابگردان، با عطر کمتر","ALLOWLISTED","Repeated across Meze draft/hidden QA recipes only; harmless until publication review."
"MEDIUM","سردکردن بخش پایه قبل از میکس","ALLOWLISTED","Low-count phrase shared by related ingredients/techniques; below actionable uniqueness threshold."
"MEDIUM","تشخیص بافت نرم بدون جداشدگی","ALLOWLISTED","Low-count phrase shared by related ingredients/techniques; below actionable uniqueness threshold."
"MEDIUM","سرو در دمای مناسب نوشیدنی","ALLOWLISTED","Low-count phrase shared by related ingredients/techniques; below actionable uniqueness threshold."
"MEDIUM","بی‌دخالت: حدود ۲۵ دقیقه","ALLOWLISTED","Low-count phrase shared by related ingredients/techniques; below actionable uniqueness threshold."
"MEDIUM","بی‌دخالت: حدود ۳۵ دقیقه","ALLOWLISTED","Low-count phrase shared by related ingredients/techniques; below actionable uniqueness threshold."
"MEDIUM","تعادل شیرینی با عطر چای","ALLOWLISTED","Low-count phrase shared by related ingredients/techniques; below actionable uniqueness threshold."
"MEDIUM","ریز خردشده یا رنده‌شده","ALLOWLISTED","Low-count phrase shared by related ingredients/techniques; below actionable uniqueness threshold."
"MEDIUM","دم‌آوری کوتاه و هدفمند","ALLOWLISTED","Low-count phrase shared by related ingredients/techniques; below actionable uniqueness threshold."
"MEDIUM","۱ و نیم قاشق چای‌خوری","ALLOWLISTED","Repeated amount/unit or ingredient-line fragment, not prose copy debt."
"MEDIUM","400 میلی‌لیتر (ضروری)","ALLOWLISTED","Repeated amount/unit or ingredient-line fragment, not prose copy debt."
"MEDIUM","2 قاشق غذاخوری (اصلی)","ALLOWLISTED","Repeated amount/unit or ingredient-line fragment, not prose copy debt."
"MEDIUM","1 قاشق غذاخوری (اصلی)","ALLOWLISTED","Repeated amount/unit or ingredient-line fragment, not prose copy debt."
"MEDIUM","گوشت سفت و خشک مانده","ALLOWLISTED","Low-count phrase shared by related ingredients/techniques; below actionable uniqueness threshold."
"MEDIUM","حدود ۲ پیمانه خردشده","ALLOWLISTED","Repeated amount/unit or ingredient-line fragment, not prose copy debt."
"MEDIUM","نخود کنسروی آبکش‌شده","ALLOWLISTED","Low-count phrase shared by related ingredients/techniques; below actionable uniqueness threshold."
"MEDIUM","غذا بیش از حد شور شد","ALLOWLISTED","Low-count phrase shared by related ingredients/techniques; below actionable uniqueness threshold."
"MEDIUM","۱ و نیم قاشق غذاخوری","ALLOWLISTED","Repeated amount/unit or ingredient-line fragment, not prose copy debt."
"MEDIUM","گوشت را مزه‌دار کنید","ALLOWLISTED","Low-count phrase shared by related ingredients/techniques; below actionable uniqueness threshold."
"MEDIUM","پودر کاکائو بدون شکر","ALLOWLISTED","Low-count phrase shared by related ingredients/techniques; below actionable uniqueness threshold."