source,purpose,required_or_optional,consent_requirement,runtime_switch,behavior_when_denied,behavior_after_withdrawal,db_access,test
"apps/server/src/consent/consent.service.ts#ConsentService.hasPurpose/grantedPurposes/currentGrantEpoch","consent-control","required_control","core always; optional purpose requires latest current-policy granted UserConsent; currentGrantEpoch returns max latest valid grant time for all requested purposes; read error => denied","OPTIONAL_ANALYTICS_INGEST_ENABLED / OPTIONAL_PERSONALIZATION_PROCESSING_ENABLED (exact true; default OFF)","Returns false/null before optional processing; runtime OFF avoids ledger read in hasPurpose/currentGrantEpoch","Latest decline/withdrawal makes future calls false/null; re-grant establishes a new downstream effectiveFrom epoch; GAP: check/use race remains without transaction/locking","READ UserConsent","consent.service.spec.ts; optional-processing-boundary.spec.ts; event-outbox/exposure epoch specs"
"apps/server/src/analytics/intelligence/optional-processing-boundary.ts#currentConsentPopulation/currentEventPopulationWhere/currentObservationPopulationWhere","analytics+personalization population control","required_control","latest current-policy grant; personalization population also requires analytics grant; effectiveFrom=max current grant epochs","Both optional switches; default OFF throws honest 503 contract","Throws before optional DB reads; empty active population becomes unavailable","Filters UserEvent.timestamp / SignalObservation.observedAt >= effectiveFrom so withdrawn or pre-regrant rows are excluded","READ UserConsent; emits Prisma filters only","optional-processing-boundary.spec.ts"
"apps/web/src/lib/analytics-init.js#enableAnalytics/disableAnalytics/hasAnalyticsConsent","analytics runtime mirror and identity cleanup","optional","Only explicit server ACK may call enable; persisted grant is not trusted","Server processingEnabled mirrored in memory; no build-time activation","hasAnalyticsConsent false; session/provider identity and legacy PostHog persistence cleared","Withdrawal dispatches runtime event synchronously and clears queued client state","CLIENT memory/localStorage/sessionStorage/cookies only; no DB","analytics-init.test.js; AuthContext.test.jsx"
"apps/web/src/hooks/useAnalytics.js#useAnalytics.trackEvent","analytics event producer","optional","Local runtime true + fresh /users/consent analytics current-policy grant + processingEnabled true; server rechecks","Mirrors OPTIONAL_ANALYTICS_INGEST_ENABLED through processingEnabled","Returns null before touchSession/network when denied; canonical read failure disables runtime","Disables local runtime and future sends; in-flight request relies on server gate; no retry queue","GET /users/consent; POST /analytics/event; touches bounded client session","useAnalytics.test.jsx"
"apps/server/src/analytics/analytics.controller.ts#AnalyticsController.trackEvent","analytics event HTTP producer","optional","JWT user identity; bounded client event DTO; AnalyticsService enforces current analytics","OPTIONAL_ANALYTICS_INGEST_ENABLED via ConsentService","Returns null/no UserEvent when server denies; malformed/unknown client event rejected","Future direct calls denied after withdrawal; in-flight race delegated to AnalyticsService","CALL AnalyticsService.trackEvent; no direct DB","analytics.controller.spec.ts; analytics.consent-gate.spec.ts"
"apps/server/src/analytics/analytics.service.ts#AnalyticsService.trackEvent","analytics collection + personalization event routing","optional","Analytics checked before processing, immediately before create and after create; personalization checked before/after create before provenance promotion/outbox","Both optional switches via ConsentService; analytics OFF returns before quality/session/DB","Returns null with zero write when denied pre-create; post-create analytics withdrawal triggers targeted delete; personalization denial leaves analytics-only row and no enrichment/outbox","Future calls denied; multiple rechecks narrow races; GAP: checks/create/delete are not one transaction, delete failure and final-check race remain; UserEvent stores purpose/timestamp but not grant epoch","WRITE/targeted DELETE UserEvent(consentPurpose analytics|personalization); optional EventOutbox/enrichment","analytics.consent-gate.spec.ts; payload-sanitizer.spec.ts; event-producer inventory has stale update mock failure in full suite"
"apps/server/src/analytics/analytics.service.ts#AnalyticsService.getPopularRecipes","public popularity analytics consumer","optional","GAP: no consent requirement, provenance filter, current population, or caller","GAP: no runtime switch check","GAP: reads recipe_view UserEvent rows even when analytics is denied/OFF","GAP: withdrawn and legacy rows remain readable; re-consent epoch absent; currently no source caller found","READ UserEvent payload","GAP: no focused boundary test; method appears unused"
"apps/server/src/analytics/event-enrichment.service.ts#EventEnrichmentService.enrichEvent","personalization enrichment consumer/writer","optional","Event must have personalization provenance; current analytics+personalization checked before parse and rechecked before write","Both optional switches via ConsentService","Returns before raw-payload processing/update","Withdrawal during enrichment suppresses update via final recheck + updateMany provenance predicate; GAP: no consent effectiveFrom cutoff beyond event provenance","READ/UPDATE UserEvent enrichment; ephemeral raw payload is not persisted","event-enrichment.service.spec.ts"
"apps/server/src/ai/chat/chat-orchestration.service.ts#recordAssistantTurnEvent","server AI analytics producer","optional","Delegates to AnalyticsService; no raw prompt/reply in payload","Both optional switches through central ingest","No event/outbox when denied; assistant response still functions","Future turn events stop; central in-flight race applies","CALL AnalyticsService.trackEvent(ai_suggestion_generated)","chat-orchestration.service.spec.ts; analytics central tests"
"apps/web/src/App.jsx#RouteTracker","page_view/page_dwell/page_clicks producer","optional","hasAnalyticsConsent checked before collection and at flush","Analytics runtime event from analytics-init","Collects no navigation/click state and clears timers","Reactive withdrawal clears pending state; re-consent collects only future navigation","CLIENT state; CALL useAnalytics.trackEvent","App.route-tracker.test.jsx"
"apps/web/src/app/assistant/useAssistant.js#sendMessage/submitFeedback","ai_message_send / ai_feedback producer","optional","Delegates to useAnalytics current server revalidation","OPTIONAL_ANALYTICS_INGEST_ENABLED via runtime mirror","Analytics call returns null; chat core request remains","Future events stop and no client replay queue","CALL useAnalytics.trackEvent","GAP: no producer-specific withdrawal test; useAnalytics.test.jsx covers central gate"
"apps/web/src/app/cook/[id]/useCook.js#startCooking/completeCooking","start_cooking_click / cook_complete / recommendation_cook producer","optional","Delegates to useAnalytics; requestId only from consent-gated attribution recall","Analytics runtime mirror","Cooking feature continues; optional events are dropped","Future events stop; no retry queue","CALL useAnalytics.trackEvent; READ client recommendation attribution","useCook.test.js; useAnalytics.test.jsx"
"apps/web/src/app/discover/useDiscovery.js#runSearch","search_query / search_unmet producer","optional","Delegates to useAnalytics; payload stores shape counts, not raw query","Analytics runtime mirror","Search continues with zero event","Future search events stop; no queued replay","CALL useAnalytics.trackEvent","useDiscovery tests; useAnalytics.test.jsx"
"apps/web/src/app/home/page.jsx#recommendation/favorite handlers","recommendation_click/save + favorite_add/remove producer","optional","Delegates to useAnalytics; requestId shape is stored only while analytics runtime active","Analytics runtime mirror","Home/favorites continue; event calls return null","Future events stop; GAP: attribution store is analytics-only and is not cleared on personalization withdrawal","CALL useAnalytics.trackEvent; WRITE/READ client attribution map","home smoke tests; recommendationAttribution.test.js; useAnalytics.test.jsx"
"apps/web/src/app/plan/page.jsx#swap/remove/add/markCooked handlers","recommendation_dismiss / mealplan_add/remove / cook_complete producer","optional","Delegates to useAnalytics","Analytics runtime mirror","Plan operations continue; event calls return null","Future events stop; no replay queue","CALL useAnalytics.trackEvent","plan tests; useAnalytics.test.jsx"
"apps/web/src/app/profile/page.jsx#view/edit/navigate handlers","profile_view/profile_edit/profile_navigate producer","optional","Delegates to useAnalytics canonical revalidation","Analytics runtime mirror","Profile core operations continue; no optional event","Future events stop; no replay queue","CALL useAnalytics.trackEvent","profile tests; useAnalytics.test.jsx"
"apps/web/src/app/recipe/[id]/page.jsx#view/favorite/plan/share handlers","recipe_view/favorite/mealplan/share producer","optional","Delegates to useAnalytics","Analytics runtime mirror","Recipe/favorite/plan action continues without event","Future events stop; no retry queue","CALL useAnalytics.trackEvent","recipe smoke tests; useAnalytics.test.jsx"
"apps/web/src/app/shopping-list/useShopping.js#manualAdd/addFromPlan","shopping_add_manual / shopping_add_from_plan producer","optional","Delegates to useAnalytics","Analytics runtime mirror","Shopping action continues; no optional event","Future events stop; no retry queue","CALL useAnalytics.trackEvent","shopping tests; useAnalytics.test.jsx"
"apps/web/src/hooks/useDismissRecommendation.js#dismiss","recommendation_dismiss producer","optional","Delegates to useAnalytics; server routes only with personalization","Analytics runtime mirror","Dismiss UI action continues; no event-derived learning","Future events stop","CALL useAnalytics.trackEvent","useDismissRecommendation tests; analytics central tests"
"apps/web/src/hooks/usePersonalization.js#setServings/applySwap/toggleRemoved","portion_scaled / ingredient_swapped / ingredient_removed producer","optional","Delegates to useAnalytics; personalization routing requires server current personalization","Analytics runtime mirror + server personalization switch","Local recipe customization continues; optional event drops","Future events stop; no queued replay","CALL useAnalytics.trackEvent","usePersonalization.test.js; analytics consent-gate tests"
"apps/web/src/hooks/useImpressionObserver.js#useImpressionObserver","measured recommendation impression producer","optional","Local analytics runtime gate; server AnalyticsService requires analytics and ExposureTracking additionally requires personalization","Analytics runtime mirror; both server switches at writers","Observer disconnected/disabled; pending timers/batches cleared; zero request","Reactive runtime event cancels queued batch; send-time recheck drops; already-sent request relies on server","POST /recommendations/impression; client-only timers/maps","useImpressionObserver.test.jsx; recommendation.controller.spec.ts"
"apps/web/src/lib/recommendationAttribution.js#rememberRecommendation/recallRecommendation","recommendation requestId attribution producer/consumer","optional","Analytics runtime only; bounded recipeId->requestId timestamp map","Analytics runtime mirror","Map cleared when analytics inactive","Analytics withdrawal clears on next access/central cleanup; GAP: personalization-only withdrawal leaves old requestIds, so re-consent is not epoch-partitioned","CLIENT localStorage garnish:rec-attribution","recommendationAttribution.test.js; GAP: no personalization-withdrawal/re-consent test"
"apps/server/src/behavior-engine/routing/event-outbox.service.ts#EventOutboxService.enqueue","personalization event queue producer","optional","Self-checks personalization provenance plus current analytics+personalization max grant epoch; event timestamp must be at/after epoch","Both optional switches checked before event/outbox IO","Returns null; zero EventOutbox write when OFF/denied/stale/missing provenance","Withdrawal denies; re-grant cannot enqueue an older event; GAP: UserEvent lookup precedes per-user epoch because API accepts only eventId","READ UserEvent/UserConsent; WRITE EventOutbox","event-outbox.service.spec.ts covers runtime OFF, zero write, withdrawal and old-event epoch"
"apps/server/src/behavior-engine/routing/event-outbox.service.ts#EventOutboxService.processNow","personalization event queue consumer","optional","Current analytics+personalization + personalization provenance + event timestamp at/after max current grant epoch","Both optional switches checked directly and via ConsentService","Marks row done/suppressed; router not called","Withdrawal is terminal; re-grant never replays an event older than the new max epoch; GAP: narrow final-check-to-router race remains","READ UserConsent; UPDATE EventOutbox; invokes EventRouter","event-outbox.service.spec.ts covers analytics withdrawal, re-grant suppression and epoch errors"
"apps/server/src/behavior-engine/routing/event-outbox.service.ts#EventOutboxService.drain","personalization event queue cron consumer","optional","Outer dual-runtime gate plus per-row current dual-purpose epoch/provenance guard","Both optional switches before EventOutbox scan","Returns zero counters with zero EventOutbox/UserEvent IO when either runtime is OFF","Withdrawal suppresses terminally; re-grant cannot resurrect rows whose event predates the new epoch; cleanup/dead-letter lifecycle remains available only while runtime ON","READ/UPDATE EventOutbox; READ UserEvent/UserConsent","event-outbox.service.spec.ts covers runtime-OFF zero IO, withdrawal, re-grant and stale processing"
"apps/server/src/behavior-engine/behavior-engine-scheduler.service.ts#drainOutbox","personalization cron","optional","Delegates per-row consent to EventOutboxService","GAP: no personalization runtime precheck","GAP: cron touches optional queue/event tables while OFF","Queued events suppress rather than replay, but OFF zero-IO criterion fails","CALL EventOutboxService.drain","GAP: scheduler runtime-OFF test does not cover drainOutbox"
"apps/server/src/behavior-engine/behavior-engine-scheduler.service.ts#handleCron","personalization profile cron","optional","Per-user BehaviorEngineService current personalization check","OPTIONAL_PERSONALIZATION_PROCESSING_ENABLED explicit pre-IO gate","Returns before UserEvent user discovery when OFF","Future runs skip withdrawn users; GAP: active re-consent can reuse old provenanced events because no effectiveFrom cutoff","READ UserEvent active users; CALL BehaviorEngineService","behavior-engine.consent-boundary.spec.ts; scheduler tests"
"apps/server/src/behavior-engine/routing/event-router.service.ts#EventRouterService.route","personalization event dispatcher","optional_internal","Process-wide personalization runtime self-gate; per-user current consent/epoch remains caller/outbox responsibility","OPTIONAL_PERSONALIZATION_PROCESSING_ENABLED direct first-line check","Returns before registry lookup/processor call","Runtime OFF blocks direct bypass; GAP: runtime ON direct invocation still relies on caller for per-user epoch","Dispatch only; processor DB access","event-router.service.spec.ts direct OFF zero-dispatch"
"apps/server/src/behavior-engine/processors/recipe.signal-processor.ts#RecipeSignalProcessor.process","SignalObservation/UserBehaviorSignal producer","optional_internal","First-line personalization runtime self-gate; per-user epoch remains outbox/caller responsibility; idempotency via alreadyConsumed","OPTIONAL_PERSONALIZATION_PROCESSING_ENABLED direct","Returns before dedupe/Recipe/SignalObservation/SignalCalculator IO","Runtime OFF blocks direct call; GAP: runtime ON direct caller can bypass per-user epoch","WRITE SignalObservation; CALL SignalCalculator; READ Recipe","direct-processor-runtime-gates.spec.ts; recipe processor specs"
"apps/server/src/behavior-engine/processors/recommendation.signal-processor.ts#RecommendationSignalProcessor.process","recommendation attribution + SignalObservation producer","optional_internal","First-line personalization runtime self-gate; dual-purpose per-user epoch remains outbox/caller responsibility","OPTIONAL_PERSONALIZATION_PROCESSING_ENABLED direct; normal outbox also requires analytics","Returns before dedupe/attribution/observation/signal IO","Runtime OFF blocks direct call; GAP: runtime ON direct caller can bypass per-user epoch","WRITE RecommendationAttributionEvent/SignalObservation/UserBehaviorSignal","direct-processor-runtime-gates.spec.ts; recommendation processor specs"
"apps/server/src/behavior-engine/processors/meal-plan.signal-processor.ts#MealPlanSignalProcessor.process","SignalObservation/UserBehaviorSignal producer","optional_internal","First-line personalization runtime self-gate; per-user epoch remains outbox/caller responsibility","OPTIONAL_PERSONALIZATION_PROCESSING_ENABLED direct","Returns before dedupe/observation/signal IO","Runtime OFF blocks direct call; GAP: runtime ON direct caller can bypass per-user epoch","WRITE SignalObservation; CALL SignalCalculator","direct-processor-runtime-gates.spec.ts; meal-plan processor specs"
"apps/server/src/behavior-engine/processors/shopping.signal-processor.ts#ShoppingSignalProcessor.process","SignalObservation/UserBehaviorSignal producer","optional_internal","First-line personalization runtime self-gate; per-user epoch remains outbox/caller responsibility","OPTIONAL_PERSONALIZATION_PROCESSING_ENABLED direct","Returns before dedupe/observation/signal IO","Runtime OFF blocks direct call; GAP: runtime ON direct caller can bypass per-user epoch","WRITE SignalObservation; CALL SignalCalculator","direct-processor-runtime-gates.spec.ts; shopping processor specs"
"apps/server/src/behavior-engine/processors/personalization.signal-processor.ts#PersonalizationSignalProcessor.process","SignalObservation/UserBehaviorSignal producer","optional_internal","First-line personalization runtime self-gate; per-user epoch remains outbox/caller responsibility","OPTIONAL_PERSONALIZATION_PROCESSING_ENABLED direct","Returns before dedupe/ingredient/observation/signal IO","Runtime OFF blocks direct call; GAP: runtime ON direct caller can bypass per-user epoch","WRITE SignalObservation; CALL SignalCalculator.applyIngredientPreference","direct-processor-runtime-gates.spec.ts; personalization processor specs"
"apps/server/src/behavior-engine/signals/signal-calculator.service.ts#updateSignal","UserBehaviorSignal producer","optional_internal","First-line personalization runtime self-gate; per-user current consent remains caller responsibility","OPTIONAL_PERSONALIZATION_PROCESSING_ENABLED direct","Returns null before UserBehaviorSignal read/upsert","Runtime OFF blocks direct call; GAP: runtime ON direct call has no per-user epoch and signal rows carry no grant epoch","READ/UPSERT UserBehaviorSignal","signal-calculator.service.spec.ts direct OFF zero IO"
"apps/server/src/behavior-engine/signals/signal-calculator.service.ts#applyPositiveFeedback/applyNegativeFeedback","UserBehaviorSignal taste producer","optional_internal","First-line personalization runtime self-gate; normal processor caller is dual-purpose epoch-gated by outbox","OPTIONAL_PERSONALIZATION_PROCESSING_ENABLED direct","Returns before Recipe/corpus/UserBehaviorSignal IO","Runtime OFF blocks direct call; GAP: runtime ON direct call has no per-user epoch/final recheck; old signals persist","READ Recipe/UserBehaviorSignal; UPDATE/UPSERT UserBehaviorSignal","signal-calculator.service.spec.ts direct OFF zero IO"
"apps/server/src/behavior-engine/signals/signal-calculator.service.ts#applyIngredientPreference","UserBehaviorSignal ingredient-preference producer","optional_internal","First-line personalization runtime self-gate; normal processor path is outbox epoch-gated","OPTIONAL_PERSONALIZATION_PROCESSING_ENABLED direct","Returns before signal/corpus IO","Runtime OFF blocks direct call; GAP: runtime ON direct call has no per-user epoch/final recheck","READ/UPSERT UserBehaviorSignal; READ recipe corpus salience","signal-calculator.service.spec.ts direct OFF zero IO"
"apps/server/src/behavior-engine/signals/signal-detector.service.ts#detectBatchSignals","personalization signal cron producer","optional","Per-user current personalization checked before UserEvent/signal IO","ConsentService default-OFF; no outer flag, so core User id discovery still occurs","Skips optional event/signal/snapshot/vector IO for every denied user","Future processing skips withdrawn user; GAP: no effectiveFrom cutoff and no final pre-write recheck across long chain","READ User/UserEvent; WRITE UserBehaviorSignal via calculator; WRITE snapshots/vector","signal-detector.service.spec.ts"
"apps/server/src/behavior-engine/signals/taste-correction.service.ts#listTastePreferences","UserBehaviorSignal consumer","optional","Current personalization required","OPTIONAL_PERSONALIZATION_PROCESSING_ENABLED via ConsentService","Returns [] before signal read","Future reads stop; GAP: re-consent returns pre-withdrawal correction/signals without epoch policy","READ UserBehaviorSignal","taste-correction.service.spec.ts"
"apps/server/src/behavior-engine/signals/taste-correction.service.ts#correctTastePreference","UserBehaviorSignal correction writer/deleter","optional","Delete/neutral cleanup allowed without grant; non-neutral update requires current personalization","Personalization switch via ConsentService","Denied non-neutral update throws/does not upsert; neutral delete remains available for cleanup","Future non-neutral writes stop; GAP: check-to-upsert race and no consent epoch/version on row","DELETE/UPSERT UserBehaviorSignal","taste-correction.service.spec.ts"
"apps/server/src/behavior-engine/behavior-engine.service.ts#processEventsForUser","UserBehaviorProfile producer","optional","Current personalization checked at entry; UserEvent rows require personalization provenance","Personalization switch via ConsentService","Returns null before event/shopping/profile IO","Future calls skip; GAP: no effectiveFrom cutoff and no recheck before UserBehaviorProfile upsert, so old data/revocation race remain","READ UserEvent/ShoppingItem/User health goals; UPSERT UserBehaviorProfile","behavior-engine.consent-boundary.spec.ts"
"apps/server/src/behavior-engine/behavior-engine.service.ts#getProfile","UserBehaviorProfile consumer","optional","Current analytics+personalization max grant epoch required before profile read","Both optional switches via ConsentService.currentGrantEpoch","Returns null; zero UserBehaviorProfile IO","Future reads stop; GAP: profile row itself has no evidence epoch, so re-grant can expose a pre-withdrawal profile after gate","READ UserBehaviorProfile","behavior-engine.consent-boundary.spec.ts"
"apps/server/src/behavior-engine/snapshots/snapshot-builder.service.ts#buildAll","engagement/health/identity/retention snapshot producer","optional","Current personalization at entry and again before each snapshot write; source UserEvent has personalization provenance","Personalization switch via ConsentService","Returns null and performs zero event/snapshot writes","Withdrawal before write suppresses; GAP: source queries omit effectiveFrom so re-consent can rebuild from older rows","READ UserEvent/User core profile; UPSERT four user snapshots","snapshot-builder.service.spec.ts; behavior boundary tests"
"apps/server/src/behavior-engine/feature-store/feature-store.service.ts#buildFeatureVector/rebuildFeatureVector","UserFeatureVector/UserFeature producer and optional-state consumer","optional","Current personalization at entry/rebuild and immediately before persistence","Personalization switch via ConsentService","Returns {}; zero vector/signal/outcome/profile IO","Final recheck suppresses write; GAP: cached vector and all sources lack consent epoch, so re-consent serves/rebuilds from pre-withdrawal state","READ UserBehaviorSignal/UserOutcome/snapshots/preferences/profile/UserEvent; UPSERT UserFeatureVector/UserFeature","feature-store.service.spec.ts"
"apps/server/src/behavior-engine/feature-store/feature-store.service.ts#getFeatureVector/getDataMaturity","feature/signal/event consumer","optional","Current personalization required","Personalization switch via ConsentService","Returns {} / cold maturity before optional reads","Future reads stop; GAP: re-consent exposes cached vector and pre-withdrawal signals/events without effectiveFrom","READ UserFeatureVector/UserEvent/UserBehaviorSignal","feature-store.service.spec.ts"
"apps/server/src/behavior-engine/feature-store/feature-store.service.ts#findUsersByFeature","population feature consumer","optional","Both runtimes plus latest current-policy dual-purpose consent population; UserFeature.updatedAt must be at/after each user's max grant epoch","Both optional switches checked before ledger/feature IO","Returns []; zero UserConsent/UserFeature IO when runtime OFF; ledger error fails closed","Withdrawn/stale-policy users excluded; re-grant excludes older feature rows; GAP: narrow population-read race remains","READ UserConsent then UserFeature","feature-store.service.spec.ts current population/epoch cases"
"apps/server/src/behavior-engine/identity/identity-dimension.builder.ts#IdentityDimensionBuilder.buildAll","identity dimension producer","optional","First-line personalization runtime self-gate; exported direct method still relies on caller for per-user consent","OPTIONAL_PERSONALIZATION_PROCESSING_ENABLED direct","Returns []; zero snapshot/signal/upsert IO","Runtime OFF blocks direct call; GAP: runtime ON lacks per-user epoch/final recheck","READ UserBehaviorSignal/snapshots; UPSERT UserIdentityDimension","identity-dimension.builder.spec.ts direct OFF zero IO"
"apps/server/src/lifestyle/lifestyle-graph.builder.ts#LifestyleGraphBuilder.build/getPrimaryLabel","lifestyle profile consumer","optional","First-line personalization runtime self-gate; exported direct methods rely on caller for per-user consent","OPTIONAL_PERSONALIZATION_PROCESSING_ENABLED direct","Returns {} / Balanced User before nested build or profile IO","Runtime OFF blocks direct call; GAP: runtime ON lacks per-user epoch and old derived state can be reused","READ UserIdentityDimension/UserBehaviorSignal","lifestyle-graph.builder.spec.ts direct OFF zero IO"
"apps/server/src/behavior-engine/profile/read/profile-read.service.ts#getDeclaredAnswers","core declared profile + optional facts/budget consumer","mixed","Core diet/skill/allergy always allowed; optional UserFact/budget only when caller passes includeOptional after effective personalization","Personalization switch through caller ConsentService","Returns core answers only; allergy read failure throws fail-closed","Optional reads stop after withdrawal; GAP: re-consent reuses old optional UserFact/budget because no effectiveFrom filter","READ UserFact/UserPreference/UserAllergy","profile-read.service.spec.ts; food-dna-projection.spec.ts"
"apps/server/src/behavior-engine/profile/read/profile-read.service.ts#getLivingUserProfile/getFoodDnaProjection/getNextQuestion","declared + observed profile consumer","mixed","Core declared safety always; observed graph/optional answers only with current personalization","Personalization switch via getConsentState","Composes declared-only/cold graph; allergy failure remains fail-closed","Observed reads stop; GAP: re-consent loads pre-withdrawal SignalObservation/UserFact/profile state without epoch cutoff","READ core preferences/allergies; optional SignalObservation/UserFact","profile-read.service.spec.ts; food-dna-projection.spec.ts"
"apps/server/src/behavior-engine/profile/read/profile-read.service.ts#submitAnswer","declared optional profile producer","mixed","Dimension purpose must be in effective getConsentState; allergies routed to dedicated core flow","Purpose switch through ConsentService","Returns consent_required before write","Future optional writes stop; GAP: check-to-write race and no consent epoch marker on UserPreference/UserFact","UPSERT UserPreference or UserFact","profile-read.service.spec.ts"
"apps/server/src/recommendation/runtime-shadow/recommendation-shadow-a8-adapters.ts#createPrismaShadowProfileFeedPort.loadObservations","SignalObservation/UserBehaviorProfile shadow consumer","optional_internal","Caller is expected to establish personalization consent; query only joins source event personalization provenance","Caller personalization switch; no self runtime check","Normal ProfileRead/A8 caller skips when denied; GAP: direct port call reads optional rows","GAP: observedAt has no effectiveFrom predicate; re-consent loads old observations/profile timestamp","READ SignalObservation/UserBehaviorProfile","recommendation-shadow-a8-consent-adapter.spec.ts; snapshot-builder provenance tests; GAP: epoch test absent"
"apps/server/src/ai/context/behavioral-context-snapshot.service.ts#BehavioralContextSnapshotService.build","AI context snapshot consumer","mixed","Core diet/skill always; budget and UserBehaviorSignal only with current personalization","Personalization switch via ConsentService","Builds redacted core-only snapshot with no signal/budget read","Future optional reads stop; GAP: re-consent reads pre-withdrawal signals/budget without epoch","READ UserPreference and optional UserBehaviorSignal","behavioral-context-snapshot.service.spec.ts"
"apps/server/src/ai/chat/grounded-reply.service.ts#buildGrounding/getDeclaredAllergens/getDietConstraint","AI core safety consumer","required_safety","Core declared allergy/diet reads are required independent of optional personalization","No optional switch for safety path","Safety profile failure surfaces nothing; generic recipe grounding may continue only with established safe set","Withdrawal does not remove core allergy protection","READ core declared profile/recipe catalog","grounded-reply.service.spec.ts"
"apps/server/src/ai/chat/grounded-reply.service.ts#loadUserModel","AI personalized memory consumer","optional","Current personalization required before UserBehaviorProfile/UserFact reads","Personalization switch via ConsentService","Returns empty dislikes/favorites/skill/goals/facts; core allergy gate remains","Future optional reads stop; GAP: re-consent reloads old profile/facts without effectiveFrom","READ UserBehaviorProfile/UserFact","grounded-reply.service.spec.ts"
"apps/server/src/ai/tools/get-user-food-context.tool.ts#GetUserFoodContextTool.handler","AI snapshot consumer","mixed","Consumes already-built consent-gated snapshot and defensively removes sensitive keys","Inherited from BehavioralContextSnapshotService","Returns core non-sensitive preference context with no signals","Withdrawn snapshot rebuild has no signals; caller must not reuse stale in-memory snapshot","READ in-memory snapshot only","get-user-food-context.tool.spec.ts; behavioral-context-snapshot.service.spec.ts"
"apps/server/src/recommendation/recommendation.controller.ts#getRecommendations + RecommendationPipelineService.getRecommendations","recommendation serving/served-slate producer","mixed","Core generic+safety recommendation always; personalized sources/rank require current personalization; served counter requires analytics+personalization","Both optional switches through downstream services; shadow has separate default-OFF config","Returns generic public slate with hard allergy safety; no served-slate row","Future personalized reads/writes stop; GAP: re-consent can reuse old vectors/signals because downstream lacks epoch","CALL FeatureStore/CandidateGenerator/Ranking/RecommendationCounters; may WRITE RecommendationServedItem","recommendation controller/pipeline specs; recommendation focused lane"
"apps/server/src/recommendation/pipeline/candidate-generator.ts#CandidateGeneratorService.generate","recommendation candidate consumer","mixed","Current personalization selects private sources; denied selects public trending/seasonal/fallback; final hard-safety always","Personalization via ConsentService; analytics switch gates trending","Zero private source calls; generic public + safety only","Future private reads stop; GAP: re-consent private sources use pre-withdrawal vectors/events; public trending lacks current population","READ UserEvent/vector/profile/health/inventory/collaborative data when allowed; READ public recipes","candidate-generator.spec.ts"
"apps/server/src/recommendation/pipeline/candidate-generator.ts#getTrendingRecipes","public aggregate analytics consumer","optional_aggregate","GAP: provenance only (analytics|personalization), no current-consent population","OPTIONAL_ANALYTICS_INGEST_ENABLED explicit","Returns [] without UserEvent IO","GAP: withdrawn users and pre-regrant events remain in aggregate","GROUP UserEvent by recipeId","candidate-generator.spec.ts covers runtime/provenance; GAP: current-population epoch absent"
"apps/server/src/recommendation/pipeline/candidate-generator.ts#filterSafe/coldStartCandidates","recommendation core safety consumer","required_safety","Core declared allergies/diet; profile read failure yields no unsafe slate","No optional switch for hard safety","Safety filter remains active on generic path","Withdrawal never disables core safety","READ core profile/allergy + public recipes","candidate-generator.spec.ts; safety filter suites"
"apps/server/src/recommendation/pipeline/ranking.service.ts#RankingService.rank/rankWithFeatureVector","recommendation rank consumer","mixed","Current personalization for feature vector; analytics for experiments/weights/prior/popularity/exposure/logging","Both optional switches via ConsentService","Cold generic ranking; no vector/experiment/exposure/contribution IO","Future personalized paths stop; GAP: re-consent can reuse old vector/exposure/derived state","READ UserFeatureVector/experiments/RecipePrior/UserEvent/Exposure; optional WRITE FeatureContributionLog","ranking.service.spec.ts"
"apps/server/src/recommendation/pipeline/ranking.service.ts#calculatePopularityScore","public popularity analytics consumer","optional_aggregate","Current caller analytics check; query only provenance analytics|personalization","Analytics switch through rank caller","Not called when analytics denied","GAP: withdrawn/current-population and effectiveFrom not filtered","COUNT UserEvent","ranking.service.spec.ts; GAP: no withdrawal-population test"
"apps/server/src/recommendation/pipeline/ranking.service.ts#logFeatureContributions","personalized explanation telemetry producer","optional","Current analytics+personalization checked immediately before createMany","Both switches via ConsentService","Zero FeatureContributionLog writes","Future writes stop; GAP: check-to-write race and rows carry no consent epoch","WRITE FeatureContributionLog","ranking.service.spec.ts"
"apps/server/src/recommendation/pipeline/recommendation-counters.service.ts#RecommendationCountersService.logSlate","served-slate telemetry producer","optional","Current analytics+personalization before createMany","Both switches via ConsentService","Returns 0; zero RecommendationServedItem writes","Future slates stop; GAP: narrow check-to-write race; no consent epoch field","WRITE RecommendationServedItem","recommendation-counters.service.spec.ts"
"apps/server/src/recommendation/exposure/exposure-tracking.service.ts#trackExposure/trackExposures","recommendation exposure producer","optional","Current analytics+personalization max grant epoch required before insert and rechecked after persistence","Both switches via hasPurpose/currentGrantEpoch","Returns false/0 before insert","If consent/epoch changes during write, deletes only UUIDs inserted by that call and returns false/0; GAP: final-recheck race and compensating-delete failure remain; row has no epoch column","RAW INSERT/targeted DELETE RecommendationExposure","exposure-tracking.service.spec.ts compensation and analytics-withdrawal cases"
"apps/server/src/recommendation/exposure/exposure-tracking.service.ts#getPenalty/getPenalties/getExposureMemory","exposure/fatigue consumer","optional","Current analytics+personalization max grant epoch required and used as lower timestamp bound","Both switches via hasPurpose/currentGrantEpoch","Returns 0/empty map/list before raw reads","Withdrawal stops reads; re-grant excludes pre-epoch exposures and UserEvent; countEvent requires personalization provenance; GAP: narrow read race remains","READ RecommendationExposure + provenance-filtered UserEvent raw SQL","exposure-tracking.service.spec.ts epoch/provenance/old-exposure cases"
"apps/server/src/recommendation/recommendation.controller.ts#trackImpression","impression analytics+exposure producer","optional","JWT + bounded measured DTO; AnalyticsService runs first; exposure only for returned personalization-provenance events and rechecks dual-purpose epoch","Both optional switches through downstream writers","No exposure call when analytics returns null/analytics-only; honest denied or accepted+learned=false response","Exposure post-write compensation closes detected in-flight change; GAP: final check/use race remains","CALL AnalyticsService then ExposureTracking for personalized subset","recommendation.controller.spec.ts analytics-first/withdrawal; useImpressionObserver.test.jsx"
"apps/server/src/recommendation/evaluation/recommendation-evaluator.service.ts#evaluateDailyRecommendationQuality","personalized analytics cron","optional","Per-user current analytics+personalization","Both switches via ConsentService","Skips user before optional tables (after core User id enumeration)","Future derivation stops; GAP: re-consent uses old attribution/exposure/contribution rows without effectiveFrom","READ User ids; CALL quality/reward builders","recommendation-evaluator.service.spec.ts"
"apps/server/src/recommendation/evaluation/recommendation-evaluator.service.ts#buildRecommendationQuality/getLatestRecommendationQuality/getRecommendationAttribution","recommendation outcome consumer/producer","optional","Current analytics+personalization required","Both switches via ConsentService","Returns null/empty attribution before optional reads","Future reads/writes stop; GAP: RecommendationAttributionEvent/Exposure/FeatureContribution/UserOutcome lack epoch filters and final pre-write recheck","READ UserEvent(personalization provenance)/Attribution/Exposure/Contribution/UserOutcome; WRITE UserOutcome","recommendation-evaluator.service.spec.ts"
"apps/server/src/recommendation/evaluation/recommendation-reward.service.ts#buildRewardProfile/getLatestReward","recommendation reward consumer/producer","optional","Current analytics+personalization required","Both switches via ConsentService","Returns null before optional reads","Future reads/writes stop; GAP: attribution/exposure/outcome have no effectiveFrom and no final pre-write recheck","READ UserEvent/Attribution/Exposure/UserOutcome; WRITE UserOutcome","recommendation-reward.service.spec.ts"
"apps/server/src/recommendation/evaluation/recommendation-metrics.service.ts#buildDailyMetricsSnapshot/buildMetricsForWindow","population recommendation metrics cron","optional","GAP: analytics runtime only; no personalization runtime/current-consent population/effectiveFrom","OPTIONAL_ANALYTICS_INGEST_ENABLED only","Returns disabled metrics and zero delegate IO when analytics OFF","GAP: personalization OFF or withdrawal still processes all attribution/exposure/outcome/contribution rows when analytics ON","READ RecommendationAttributionEvent/Exposure/UserOutcome/FeatureContributionLog; UPSERT RecommendationMetrics","recommendation-metrics.service.spec.ts covers analytics OFF; GAP: personalization/current-population tests absent"
"apps/server/src/recommendation/evaluation/recommendation-metrics.service.ts#getLatestMetrics","population recommendation metrics consumer","optional","GAP: analytics runtime only; persisted aggregate has no current-consent population identity","OPTIONAL_ANALYTICS_INGEST_ENABLED only","Returns explicit disabled zero contract","GAP: after withdrawal may return aggregate built from withdrawn/legacy users","READ RecommendationMetrics or invokes buildMetricsForWindow","recommendation-metrics.service.spec.ts"
"apps/server/src/recommendation/runtime-shadow/recommendation-shadow-a8-service.ts#observe","shadow personalization consumer/trace producer","optional","A8 canonical consent port resolves configured purposes before profile/history/trace","Recommendation shadow config default OFF + canonical optional switches","Returns disabled shadow result; no profile/history/trace IO","Future observations stop; GAP: persisted profile/history ports lack effectiveFrom epoch","READ observations/exposure history/candidates; optional WRITE redacted trace","recommendation-shadow A8 consent/runtime specs"
"apps/server/src/recommendation/runtime-shadow/recommendation-shadow-data-port.ts#getHistory","shadow exposure history consumer","optional_internal","Relies on A8 orchestrator consent; no self gate","Shadow runtime caller config only","Normal denied observe never calls; GAP: direct port call reads","GAP: no consent epoch/effectiveFrom on RecommendationExposure","READ RecommendationExposure","shadow data-port specs; GAP: direct consent/epoch test absent"
"apps/server/src/ai/tools/explain-recommendation.tool.ts#ExplainRecommendationTool.handler","AI recommendation-exposure consumer","optional","Valid recipe plus current analytics+personalization required before exposure lookup","Both switches via ConsentService.hasPurpose","Returns generic limited_data with empty reasons; zero exposure IO","Withdrawal/consent error suppresses exposure claim; GAP: re-grant can read pre-withdrawal exposure because tool passes no epoch","READ RecommendationExposure after dual consent","explain-recommendation.tool.spec.ts denied/error/generic cases"
"apps/server/src/governance/governance-insights.service.ts#getGovernanceSummary","analytics/recommendation diagnostics consumer","mixed","Core experiment/user summary remains; analytics volume uses latest current-policy consent population and per-grant epoch/provenance","OPTIONAL_ANALYTICS_INGEST_ENABLED direct","Reports event volume unavailable/null before UserConsent/UserEvent IO; core summary still works","Withdrawn users excluded without UserEvent IO; ledger error yields unavailable; GAP: experiment assignments remain core-reported and check/read race remains","COUNT core ExperimentAssignment/User; optional READ UserConsent/UserEvent","governance-insights.service.spec.ts runtime/population/error cases"
"apps/server/src/briefing/briefing.service.ts#getTodayBriefing/getProactiveNudge/evaluateDelivery","briefing personalization consumer","optional","Current personalization required before profile/plan/shopping/gamification/event reads","OPTIONAL_PERSONALIZATION_PROCESSING_ENABLED via ConsentService; INE real-send separately default OFF","Returns generic non-personalized briefing or empty nudge/decisions with zero optional history IO","Future optional reads stop; GAP: re-consent can reuse old profile/UserEvent/gamification state without epoch","READ Profile/MealPlan/Shopping/UserEvent; CALL Gamification/INE","briefing.service.spec.ts; briefing QA gate"
"apps/server/src/briefing/briefing.service.ts#logFeedback","briefing event producer","optional","Delegates to AnalyticsService; personalization routing only if current","Both optional switches via central ingest","Returns accepted=false when no event stored","Future feedback events stop; central in-flight race applies","CALL AnalyticsService.trackEvent","briefing.service.spec.ts"
"apps/server/src/gamification/gamification.service.ts#recomputeForUser","gamification derived-state producer","optional","Current personalization at entry; UserEvent source requires personalization provenance","Personalization switch via ConsentService","Returns empty state before optional reads/writes","Future recompute stops; GAP: no effectiveFrom cutoff or final recheck; persisted old streak/achievement/progress can be reused after re-consent","READ UserEvent/profile; WRITE UserStreak/UserAchievement/UserProgress/GamificationEvent","gamification.service.spec.ts"
"apps/server/src/gamification/gamification.service.ts#getSummary/evaluateNotifications","gamification consumer/notification candidate producer","optional","Current personalization required","Personalization switch; INE real-send default OFF","Returns empty summary/decision list","Future reads/candidates stop; GAP: re-consent reads persisted old gamification state","READ gamification tables; optional CALL INE","gamification.service.spec.ts"
"apps/server/src/meal-plans/meal-plans.service.ts#core plan CRUD (getCurrentPlan/savePlan/fillSlots/addMealSlot/removeMealSlot/markCooked)","meal planner core service","required_core","Authenticated owner; declared allergy/diet safety independent of optional purposes","No optional switch for user-requested plan CRUD","User can manage own plan; no optional learning is required","Withdrawal does not delete/block user-owned plan; analytics events are separate frontend producer","READ/WRITE MealPlan/MealSlot and recipe safety data","meal-plans.service.spec.ts; planner safety suites"
"apps/server/src/meal-plans/meal-plans.service.ts#generateSmartPlan","smart meal-plan consumer","mixed","Core diet/skill+safety always; budget/cost tailoring only with current personalization","Personalization switch via ConsentService","Generates core/safety plan without budget read/filter","Future optional budget use stops; GAP: re-consent can reuse old budget without epoch; no final consent check needed for read-only response","READ UserPreference(core plus optional budget) and recipes; safety filter","meal-plans.smart-plan-consent.spec.ts"
"apps/server/src/meal-plans/planner/meal-plan-planner.service.ts#proposePlan/swapSlot","planner recommendation consumer","mixed","Core living profile/allergy safety always; recent-decline exclusions require current personalization","Personalization switch via ConsentService","Returns generic safety-filtered proposal; no UserEvent history read","Future history reads stop; GAP: re-consent recentlyDeclinedIds includes pre-withdrawal events without effectiveFrom","READ core profile/recipes; optional READ UserEvent(personalization provenance)","meal-plan-planner.service.spec.ts"
"apps/server/src/notifications/notifications.service.ts#transactional notification methods/createAndSendNotification","notification core producer","required_operational","Service action/owner context (ticket reply, explicit plan/badge/reminder); optional schedulers must gate upstream","INE_REAL_SEND_ENABLED applies scheduler dispatch, not direct transactional methods","Direct required notification remains available","Withdrawal of analytics/personalization does not suppress genuinely transactional notification; GAP: notification-purpose policy remains product/legal-owned","WRITE Notification","notifications.service.spec.ts"
"apps/server/src/notifications/notifications.service.ts#generateSmartSuggestion","personalized notification producer","optional","Current personalization before profile/meal/favorite/notification IO","Personalization switch via ConsentService","Returns null; zero downstream reads/writes","Future calls stop; GAP: no final pre-create recheck and no consent epoch for inputs","READ UserBehaviorProfile/MealPlan/Favorite; WRITE Notification","notifications.smart-suggestion-consent.spec.ts"
"apps/server/src/notifications/ine/ine.service.ts#resolveState/resolveCandidates/decideForUser","notification targeting consumer","optional","Current personalization required before optional profile/history resolution; dispatch retains separate policy","OPTIONAL_PERSONALIZATION_PROCESSING_ENABLED via direct gate; INE_REAL_SEND_ENABLED separately gates real send","Returns neutral state/empty candidates before optional DB IO; pure core decision may still run on caller-provided candidates","Future optional reads stop; GAP: re-grant can reuse old profile/churn/notification state and in-memory decision ledger has no grant epoch","READ Profile/UserBehaviorProfile/Notification/MealPlan/Shopping after gate; WRITE in-memory ledger","ine.service.spec.ts runtime-OFF/deny/error cases"
"apps/server/src/notifications/notification-scheduler.service.ts#handleDailyReminders","notification cron consumer","optional","Outer personalization runtime gate; then User.id enumeration and per-user current personalization before shopping/plan/notification IO","OPTIONAL_PERSONALIZATION_PROCESSING_ENABLED direct; INE_REAL_SEND_ENABLED separately gates real send","Runtime OFF returns with zero DB/INE calls; denied user has no optional reads","Withdrawal skips user optional IO; GAP: minimal User.id enumeration occurs before per-user consent and re-grant inputs lack epoch","READ User ids then gated ShoppingList/MealPlan/Notification; optional send","notification-scheduler.service.spec.ts runtime/deny/error cases"
"apps/server/src/notifications/notification-scheduler.service.ts#handleMealReminders","notification cron consumer","optional","Outer runtime gate then User.id enumeration and per-user current personalization before MealPlan/MealSlot/notification IO","OPTIONAL_PERSONALIZATION_PROCESSING_ENABLED direct; INE_REAL_SEND_ENABLED separately gates send","Runtime OFF zero DB/INE; denied user has no plan read","Withdrawal skips optional IO; GAP: minimal User.id enumeration and no re-grant epoch on plans","READ User ids then gated MealPlan/MealSlot; optional send","notification-scheduler.service.spec.ts"
"apps/server/src/notifications/notification-scheduler.service.ts#handleChurnRiskNotifications","profile-based notification cron","optional","Outer runtime gate then User.id enumeration and per-user current personalization before churn profile/notification IO","OPTIONAL_PERSONALIZATION_PROCESSING_ENABLED direct; INE_REAL_SEND_ENABLED separately gates send","Runtime OFF zero DB/INE; denied user has no profile read","Withdrawal skips optional IO; GAP: minimal User.id enumeration and old churn profile can be reused after re-grant","READ User ids then gated UserBehaviorProfile; optional send","notification-scheduler.service.spec.ts"
"apps/server/src/outcomes/health-outcome.service.ts#calculateWeeklyHealthOutcomes","health-adjacent outcome cron producer","optional_sensitive","Per-user current personalization before meal/outcome IO","Personalization switch via ConsentService","Skips user; zero optional meal/outcome IO after user-id enumeration","Future jobs skip; GAP: no effectiveFrom input cutoff or final pre-write recheck","READ MealPlan/UserOutcome; WRITE UserOutcome(meal_consistency)","outcomes.consent-gate.spec.ts"
"apps/server/src/outcomes/behavior-outcome.service.ts#calculateWeeklyBehaviorOutcomes","behavior outcome cron producer","optional","Per-user current personalization before shopping/outcome IO","Personalization switch via ConsentService","Skips user; zero optional IO after user-id enumeration","Future jobs skip; GAP: no effectiveFrom input cutoff or final pre-write recheck","READ ShoppingItem/UserOutcome; WRITE UserOutcome(shopping_efficiency)","outcomes.consent-gate.spec.ts"
"apps/server/src/outcomes/adherence-outcome.service.ts#calculateWeeklyAdherenceOutcomes","adherence outcome cron producer","optional","Per-user current personalization before meal/outcome IO","Personalization switch via ConsentService","Skips user; zero optional IO after user-id enumeration","Future jobs skip; GAP: no effectiveFrom input cutoff or final pre-write recheck","READ MealPlan/UserOutcome; WRITE UserOutcome(goal_adherence)","outcomes.consent-gate.spec.ts"
"apps/server/src/recipes/recipes.service.ts#getRecipeEngagement","public recipe engagement aggregate consumer","optional_aggregate","GAP: provenance only; no current-consent population/effectiveFrom","OPTIONAL_ANALYTICS_INGEST_ENABLED explicit pre-IO","Returns empty engagement map; zero UserEvent/MealSlot IO","GAP: withdrawn/re-consent users' historical provenanced events remain in aggregate","GROUP UserEvent; MealSlot intentionally excluded for no provenance","recipes.service.spec.ts covers OFF/provenance; GAP: current-population test absent"
"apps/server/src/workflow/workflow-scheduler.service.ts#tick + WorkflowNodesService.queryNode","workflow/cron orchestrator","mixed_operational","Workflow registry is operational; each optional query source must self-gate","WORKFLOW_SCHEDULER_DISABLED; downstream optional switches","Scheduler may run operational nodes; optional source should return/throw before data IO","Withdrawal handled only by downstream source; no replay of optional result beyond WorkflowAlert","READ/WRITE Workflow/WorkflowRun/WorkflowAlert; delegate sources","workflow scheduler/nodes specs"
"apps/server/src/workflow/workflow-nodes.service.ts#contentGaps","analytics workflow consumer","optional","GAP: runtime+consentPurpose only; no current-consent population/effectiveFrom","OPTIONAL_ANALYTICS_INGEST_ENABLED explicit","Returns disabled result with zero UserEvent IO","GAP: when ON, withdrawn users' historical analytics rows remain counted","COUNT UserEvent(search_unmet, analytics provenance)","workflow-nodes.service.spec.ts covers OFF; GAP: withdrawal/current-population absent"
"apps/server/src/workflow/workflow-nodes.service.ts#analytics.funnels source","analytics workflow consumer","optional","Delegates to AnalyticsIntelligence current consent population","Analytics switch via helper","Throws unavailable before UserEvent IO","Current epoch filter excludes withdrawn/pre-regrant events","CALL AnalyticsIntelligence.getFunnels","analytics-intelligence/optional-boundary specs"
"apps/server/src/governance/data-retention.service.ts#cleanupOldEvents + RetentionService.previewRetention","retention/legal owner consumer","required_legal","Controller/data-controller retention obligation; not optional analytics consent","RETENTION_DESTRUCTIVE_ENABLED default false; destructive execution still refuses","Counts stored candidates only; never deletes","Withdrawal does not block retention/erasure duties; dry-run may count stored rows","COUNT UserEvent/SignalObservation/Exposure/Attribution/Contribution/UserOutcome etc per policy","retention.service.spec.ts; data-retention.service.spec.ts"
"apps/server/src/retention/retention-policy.ts#RETENTION_POLICY","retention ownership map","required_legal","Policy classification, not user consent","Destructive path disabled","No deletion; unlisted models default review_required","GAP: RecommendationServedItem and EventOutbox are not explicitly classified despite optional data ownership; indefinite policy remains ambiguous","No runtime DB access","retention-policy.spec.ts; GAP: explicit-model completeness should include newer models"
"apps/server/src/users/export/user-export.service.ts#exportUser","data portability/legal consumer","required_legal","Authenticated data subject; export right overrides optional-processing runtime for stored own data","No optional runtime switch","Exports stored data with sanitization/limits even after deny","Withdrawal does not hide retained own data from subject; GAP: canonical UserConsent, RecommendationServedItem and EventOutbox are omitted","READ UserEvent/Profile/Signals/Observations/Vector/Outcome/Exposure/Attribution/Contribution and user-owned tables","user-export.service.spec.ts; export disposable verification; GAP: completeness tests for omitted models"
"apps/server/src/users/erasure/erasure.service.ts#eraseUser","erasure/legal owner consumer/deleter","required_legal","Authenticated self/admin legal workflow; no optional consent required","No optional switch","Erasure remains available regardless consent state","Deletes user-linked optional rows by cascade and explicit RecommendationServedItem/RecipePrior cleanup; audit-long rows scrubbed/de-linked","DELETE User plus cascades; explicit DELETE RecommendationServedItem; WRITE ErasureEvent","erasure.service.spec.ts; erasure disposable verification"
"apps/server/src/users/guest-reaper.service.ts#reap/reapOnce","account lifecycle erasure cron","required_legal_operational","Guest TTL/account lifecycle, not optional consent","GUEST_REAPER_DISABLED and TTL config","Disabled returns before user scan","Deletion cascades optional guest data; not a personalization consumer","READ/DELETE expired guest User rows (cascade)","guest-reaper.service.spec.ts"
"apps/server/src/admin/admin.service.ts#recordAudit/recordAuditStrict/recordAuditDurable/getAuditLogs","operational security/audit producer+consumer","required_operational","Admin actor/role workflow; bounded allowlisted metadata; separate from optional analytics","No optional switch","Operational audit remains available; malformed passive metadata rejected","Withdrawal irrelevant; audit-long accountability survives target erasure with scrubbing rules","WRITE/READ UserAuditLog only; never UserEvent","admin audit boundary specs; admin.service.spec.ts"
"apps/server/src/analytics/intelligence/analytics-intelligence.service.ts#getFunnels","admin analytics consumer","optional","Requires non-empty current analytics-consent population; filters every event to current grant epoch","OPTIONAL_ANALYTICS_INGEST_ENABLED via helper","Throws honest unavailable before UserEvent IO","Withdrawn users and pre-regrant rows excluded","READ UserEvent","analytics-intelligence.service.spec.ts; optional-processing-boundary.spec.ts"
"apps/server/src/analytics/intelligence/analytics-intelligence.service.ts#getTrends","admin analytics consumer","optional","Requires current analytics population + event timestamp >= effectiveFrom","Analytics switch via helper","Throws unavailable before UserEvent IO","Withdrawn/pre-regrant rows excluded","READ UserEvent","analytics-intelligence.service.spec.ts"
"apps/server/src/analytics/intelligence/analytics-intelligence.service.ts#getCohorts","admin intelligence consumer","optional","Provenance for this mixed surface is declared insufficient; analytics must be runtime-enabled before unavailable response","OPTIONAL_ANALYTICS_INGEST_ENABLED","Always throws explicit optional_data_provenance_unavailable before legacy/mixed DB reads","Remains unavailable after withdrawal or re-consent until source provenance design exists","ZERO optional DB access (unreachable legacy code below throw)","getCohorts: analytics-intelligence.service.spec.ts; analytics-l4-16-qa-gate.spec.ts"
"apps/server/src/analytics/intelligence/analytics-intelligence.service.ts#getBehaviorInsights","admin intelligence consumer","optional","Provenance for this mixed surface is declared insufficient; analytics must be runtime-enabled before unavailable response","OPTIONAL_ANALYTICS_INGEST_ENABLED","Always throws explicit optional_data_provenance_unavailable before legacy/mixed DB reads","Remains unavailable after withdrawal or re-consent until source provenance design exists","ZERO optional DB access (unreachable legacy code below throw)","getBehaviorInsights: analytics-intelligence.service.spec.ts; analytics-l4-16-qa-gate.spec.ts"
"apps/server/src/analytics/intelligence/analytics-intelligence.service.ts#getProductIntelligence","admin intelligence consumer","optional","Provenance for this mixed surface is declared insufficient; personalization must be runtime-enabled before unavailable response","OPTIONAL_PERSONALIZATION_PROCESSING_ENABLED","Always throws explicit optional_data_provenance_unavailable before legacy/mixed DB reads","Remains unavailable after withdrawal or re-consent until source provenance design exists","ZERO optional DB access (unreachable legacy code below throw)","getProductIntelligence: analytics-intelligence.service.spec.ts; analytics-l4-16-qa-gate.spec.ts"
"apps/server/src/analytics/intelligence/ops-intelligence.service.ts#getHealth/eventQuality","operational health + optional event-quality consumer","mixed","AICallLog operational aggregate needs no optional grant; eventQuality requires current analytics population/epoch","Analytics switch only for eventQuality","Operational health remains; eventQuality returns explicit unavailable with zero UserEvent IO","Withdrawn/pre-regrant UserEvent excluded; operational AI health remains","READ AICallLog; conditional READ UserEvent current population","ops-intelligence.service.spec.ts; optional-processing-boundary.spec.ts"
"apps/server/src/analytics/intelligence/ops-intelligence.service.ts#getSafetyCompliance/consentPosture","safety/compliance consumer","required_operational","Runs deterministic safety corpus and aggregate UserConsent posture; no user behavior processing","No optional switch","Available without optional analytics; no optional event/profile IO","Withdrawal is itself reflected in aggregate latest consent posture","READ UserConsent/AICallLog metadata; deterministic fixtures","ops-intelligence.service.spec.ts; ops QA gate"
"apps/server/src/analytics/intelligence/ops-intelligence.service.ts#getEconomics/getAiObservability","AI operational accounting consumer","required_operational","Aggregate AICallLog audit ledger; per-user/intent views explicitly unavailable","No optional analytics switch; AI provider/runtime controls separate","Returns aggregate/null accounting; no UserEvent/behavior DB IO","Withdrawal does not suppress controller operational cost/safety accounting; no per-user optional view exposed","READ AICallLog only","ops-intelligence.service.spec.ts; ops QA gate"
"apps/server/src/admin/admin.service.ts#AdminService.getContentGaps","admin optional-data consumer","optional","Requires non-empty current analytics population; events filtered to purpose provenance and effectiveFrom","OPTIONAL_ANALYTICS_INGEST_ENABLED","Throws unavailable before optional DB IO","Withdrawn users/pre-regrant rows excluded from subsequent queries","READ UserEvent search_unmet; recipe title lookup only after qualifying ids","admin.service.spec.ts; optional-processing-boundary.spec.ts"
"apps/server/src/admin/admin.service.ts#AdminService.getRecentEvents","admin optional-data consumer","optional","Requires non-empty current analytics population; events filtered to purpose provenance and effectiveFrom","OPTIONAL_ANALYTICS_INGEST_ENABLED","Throws unavailable before optional DB IO","Withdrawn users/pre-regrant rows excluded from subsequent queries","READ UserEvent safe scalars; recipe title lookup only after qualifying ids","admin.service.spec.ts; optional-processing-boundary.spec.ts"
"apps/server/src/admin/admin.service.ts#AdminService.getAnalyticsStats","admin optional-data consumer","optional","Requires non-empty current analytics population; events filtered to purpose provenance and effectiveFrom","OPTIONAL_ANALYTICS_INGEST_ENABLED","Throws unavailable before optional DB IO","Withdrawn users/pre-regrant rows excluded from subsequent queries","READ UserEvent aggregate; recipe title lookup only after qualifying ids","admin.service.spec.ts; optional-processing-boundary.spec.ts"
"apps/server/src/admin/admin.service.ts#AdminService.getMealPlanningStats","admin optional-data consumer","optional","Requires non-empty current analytics population; events filtered to purpose provenance and effectiveFrom","OPTIONAL_ANALYTICS_INGEST_ENABLED","Throws unavailable before optional DB IO","Withdrawn users/pre-regrant rows excluded from subsequent queries","READ UserEvent mealplan_add; recipe title lookup only after qualifying ids","admin.service.spec.ts; optional-processing-boundary.spec.ts"
"apps/server/src/admin/admin.service.ts#AdminService.getRecommendationFunnel","admin optional-data consumer","optional","Requires non-empty current analytics population; events filtered to purpose provenance and effectiveFrom","OPTIONAL_ANALYTICS_INGEST_ENABLED","Throws unavailable before optional DB IO","Withdrawn users/pre-regrant rows excluded from subsequent queries","READ UserEvent recommendation funnel; recipe title lookup only after qualifying ids","admin.service.spec.ts; optional-processing-boundary.spec.ts"
"apps/server/src/admin/admin.service.ts#AdminService.getAIInteractionStats","admin optional-data consumer","optional","Requires non-empty current personalization population; events filtered to purpose provenance and effectiveFrom","Both analytics + personalization switches via current population","Throws unavailable before optional DB IO","Withdrawn users/pre-regrant rows excluded from subsequent queries","READ UserEvent personalized enrichment; recipe title lookup only after qualifying ids","admin.service.spec.ts; optional-processing-boundary.spec.ts"
"apps/server/src/admin/admin.service.ts#AdminService.getPageViewStats","admin optional-data consumer","optional","Requires non-empty current analytics population; events filtered to purpose provenance and effectiveFrom","OPTIONAL_ANALYTICS_INGEST_ENABLED","Throws unavailable before optional DB IO","Withdrawn users/pre-regrant rows excluded from subsequent queries","READ UserEvent page events; recipe title lookup only after qualifying ids","admin.service.spec.ts; optional-processing-boundary.spec.ts"
"apps/server/src/admin/admin.service.ts#AdminService.getAddSource","admin optional-data consumer","optional","Requires non-empty current analytics population; events filtered to purpose provenance and effectiveFrom","OPTIONAL_ANALYTICS_INGEST_ENABLED","Throws unavailable before optional DB IO","Withdrawn users/pre-regrant rows excluded from subsequent queries","READ UserEvent shopping/plan events; recipe title lookup only after qualifying ids","admin.service.spec.ts; optional-processing-boundary.spec.ts"
"apps/server/src/admin/admin.service.ts#AdminService.getRecipeStats","admin mixed-provenance consumer","optional","Source model lacks sufficient analytics current-consent provenance; intentionally disabled","OPTIONAL_ANALYTICS_INGEST_ENABLED","Throws optional_data_provenance_unavailable before DB IO","Remains unavailable after re-consent until provenance/epoch model exists","ZERO optional DB access (legacy code unreachable)","admin.service.spec.ts"
"apps/server/src/admin/admin.service.ts#AdminService.getShoppingAnalytics","admin mixed-provenance consumer","optional","Source model lacks sufficient analytics current-consent provenance; intentionally disabled","OPTIONAL_ANALYTICS_INGEST_ENABLED","Throws optional_data_provenance_unavailable before DB IO","Remains unavailable after re-consent until provenance/epoch model exists","ZERO optional DB access (legacy code unreachable)","admin.service.spec.ts"
"apps/server/src/admin/admin.service.ts#AdminService.getBehaviorProfiles","admin mixed-provenance consumer","optional","Source model lacks sufficient personalization current-consent provenance; intentionally disabled","OPTIONAL_PERSONALIZATION_PROCESSING_ENABLED","Throws optional_data_provenance_unavailable before DB IO","Remains unavailable after re-consent until provenance/epoch model exists","ZERO optional DB access (legacy code unreachable)","admin.service.spec.ts"
"apps/server/src/admin/admin.service.ts#AdminService.getAdminInsights","admin composite intelligence consumer","optional","Requires current analytics population before composing analytics+operational summaries","OPTIONAL_ANALYTICS_INGEST_ENABLED","Throws before downstream optional calls when unavailable","Current-population downstream filters apply; mixed unavailable blocks remain honest","CALL OpsIntelligence/AnalyticsIntelligence/Admin content gaps","admin.service.spec.ts"
"apps/server/src/admin/admin.service.ts#getUserStats/getDashboardStats/getSystemHealth","admin operational consumer","required_operational","Core user/catalog/ticket counts and canonical UserAuditLog only","No optional switch","Available with optional processing OFF; system health explicitly says optional analytics unavailable","Withdrawal irrelevant to operational/core counts","READ User/Recipe/Ticket/UserAuditLog; no UserEvent","admin.service.spec.ts"
"apps/server/src/admin/observability.service.ts#eventStream","per-user admin analytics consumer","optional","Requires that target user is in current analytics population; event timestamp >= grant epoch","OPTIONAL_ANALYTICS_INGEST_ENABLED","403/503 before UserEvent IO","Withdrawn target excluded; pre-regrant rows excluded","READ UserEvent safe scalars","observability.service.spec.ts"
"apps/server/src/admin/observability.service.ts#observations","per-user admin personalization consumer","optional","Requires target current personalization+analytics population; observation epoch and source-event provenance","Both optional switches","403/503 before SignalObservation IO","Withdrawn/pre-regrant observations excluded","READ SignalObservation joined to UserEvent provenance","observability.service.spec.ts"
"apps/server/src/admin/observability.service.ts#profileTrace","admin observability mixed-provenance consumer","optional","Mixed source provenance is insufficient; personalization runtime must be ON then endpoint still returns unavailable","OPTIONAL_PERSONALIZATION_PROCESSING_ENABLED","Throws before optional DB IO","Remains unavailable after re-consent until source epoch/provenance exists","ZERO optional DB access (legacy body unreachable)","observability.service.spec.ts"
"apps/server/src/admin/observability.service.ts#aiCalls","admin observability mixed-provenance consumer","optional","Mixed source provenance is insufficient; analytics runtime must be ON then endpoint still returns unavailable","OPTIONAL_ANALYTICS_INGEST_ENABLED","Throws before optional DB IO","Remains unavailable after re-consent until source epoch/provenance exists","ZERO optional DB access (legacy body unreachable)","observability.service.spec.ts"
"apps/server/src/admin/observability.service.ts#recsysHealth","admin observability mixed-provenance consumer","optional","Mixed source provenance is insufficient; personalization runtime must be ON then endpoint still returns unavailable","OPTIONAL_PERSONALIZATION_PROCESSING_ENABLED","Throws before optional DB IO","Remains unavailable after re-consent until source epoch/provenance exists","ZERO optional DB access (legacy body unreachable)","observability.service.spec.ts"
"apps/server/src/admin/observability.service.ts#counters","admin aggregate analytics consumer","optional","Requires current analytics population + effectiveFrom per user","OPTIONAL_ANALYTICS_INGEST_ENABLED","Throws unavailable before UserEvent groupBy","Withdrawn/pre-regrant events excluded","GROUP UserEvent current population","observability.service.spec.ts"
"apps/server/src/admin/observability.service.ts#consent/tickets","admin consent/support consumer","required_operational","Role-authorized admin/legal support; not optional behavior processing","No optional switch","Available; bounded metadata only","Withdrawal decisions remain visible as compliance evidence","READ UserConsent/SupportTicket metadata","observability.service.spec.ts"
"apps/server/src/recommendation/diagnostics.controller.ts#RecommendationDiagnosticsController.getFeatureVector","recommendation diagnostics consumer","optional","Entire diagnostics surface intentionally disabled because mixed derived rows lack consent epoch/provenance","Both optional switches checked, then explicit provenance-unavailable throw","Returns 503 before any downstream/Prisma optional IO","Remains unavailable after withdrawal/re-consent","ZERO optional DB access from route (assertDiagnosticsAvailable is first statement)","diagnostics.controller.spec.ts; diagnostics-summary.spec.ts"
"apps/server/src/recommendation/diagnostics.controller.ts#RecommendationDiagnosticsController.getSignals","recommendation diagnostics consumer","optional","Entire diagnostics surface intentionally disabled because mixed derived rows lack consent epoch/provenance","Both optional switches checked, then explicit provenance-unavailable throw","Returns 503 before any downstream/Prisma optional IO","Remains unavailable after withdrawal/re-consent","ZERO optional DB access from route (assertDiagnosticsAvailable is first statement)","diagnostics.controller.spec.ts; diagnostics-summary.spec.ts"
"apps/server/src/recommendation/diagnostics.controller.ts#RecommendationDiagnosticsController.getOutcomes","recommendation diagnostics consumer","optional","Entire diagnostics surface intentionally disabled because mixed derived rows lack consent epoch/provenance","Both optional switches checked, then explicit provenance-unavailable throw","Returns 503 before any downstream/Prisma optional IO","Remains unavailable after withdrawal/re-consent","ZERO optional DB access from route (assertDiagnosticsAvailable is first statement)","diagnostics.controller.spec.ts; diagnostics-summary.spec.ts"
"apps/server/src/recommendation/diagnostics.controller.ts#RecommendationDiagnosticsController.getFeatureImportance","recommendation diagnostics consumer","optional","Entire diagnostics surface intentionally disabled because mixed derived rows lack consent epoch/provenance","Both optional switches checked, then explicit provenance-unavailable throw","Returns 503 before any downstream/Prisma optional IO","Remains unavailable after withdrawal/re-consent","ZERO optional DB access from route (assertDiagnosticsAvailable is first statement)","diagnostics.controller.spec.ts; diagnostics-summary.spec.ts"
"apps/server/src/recommendation/diagnostics.controller.ts#RecommendationDiagnosticsController.getLifestyle","recommendation diagnostics consumer","optional","Entire diagnostics surface intentionally disabled because mixed derived rows lack consent epoch/provenance","Both optional switches checked, then explicit provenance-unavailable throw","Returns 503 before any downstream/Prisma optional IO","Remains unavailable after withdrawal/re-consent","ZERO optional DB access from route (assertDiagnosticsAvailable is first statement)","diagnostics.controller.spec.ts; diagnostics-summary.spec.ts"
"apps/server/src/recommendation/diagnostics.controller.ts#RecommendationDiagnosticsController.getRecommendationQuality","recommendation diagnostics consumer","optional","Entire diagnostics surface intentionally disabled because mixed derived rows lack consent epoch/provenance","Both optional switches checked, then explicit provenance-unavailable throw","Returns 503 before any downstream/Prisma optional IO","Remains unavailable after withdrawal/re-consent","ZERO optional DB access from route (assertDiagnosticsAvailable is first statement)","diagnostics.controller.spec.ts; diagnostics-summary.spec.ts"
"apps/server/src/recommendation/diagnostics.controller.ts#RecommendationDiagnosticsController.getRecommendationReward","recommendation diagnostics consumer","optional","Entire diagnostics surface intentionally disabled because mixed derived rows lack consent epoch/provenance","Both optional switches checked, then explicit provenance-unavailable throw","Returns 503 before any downstream/Prisma optional IO","Remains unavailable after withdrawal/re-consent","ZERO optional DB access from route (assertDiagnosticsAvailable is first statement)","diagnostics.controller.spec.ts; diagnostics-summary.spec.ts"
"apps/server/src/recommendation/diagnostics.controller.ts#RecommendationDiagnosticsController.getAttribution","recommendation diagnostics consumer","optional","Entire diagnostics surface intentionally disabled because mixed derived rows lack consent epoch/provenance","Both optional switches checked, then explicit provenance-unavailable throw","Returns 503 before any downstream/Prisma optional IO","Remains unavailable after withdrawal/re-consent","ZERO optional DB access from route (assertDiagnosticsAvailable is first statement)","diagnostics.controller.spec.ts; diagnostics-summary.spec.ts"
"apps/server/src/recommendation/diagnostics.controller.ts#RecommendationDiagnosticsController.getExposureMemory","recommendation diagnostics consumer","optional","Entire diagnostics surface intentionally disabled because mixed derived rows lack consent epoch/provenance","Both optional switches checked, then explicit provenance-unavailable throw","Returns 503 before any downstream/Prisma optional IO","Remains unavailable after withdrawal/re-consent","ZERO optional DB access from route (assertDiagnosticsAvailable is first statement)","diagnostics.controller.spec.ts; diagnostics-summary.spec.ts"
"apps/server/src/recommendation/diagnostics.controller.ts#RecommendationDiagnosticsController.getSummary","recommendation diagnostics consumer","optional","Entire diagnostics surface intentionally disabled because mixed derived rows lack consent epoch/provenance","Both optional switches checked, then explicit provenance-unavailable throw","Returns 503 before any downstream/Prisma optional IO","Remains unavailable after withdrawal/re-consent","ZERO optional DB access from route (assertDiagnosticsAvailable is first statement)","diagnostics.controller.spec.ts; diagnostics-summary.spec.ts"
"apps/server/src/recommendation/diagnostics.controller.ts#RecommendationDiagnosticsController.getMetrics","recommendation diagnostics consumer","optional","Entire diagnostics surface intentionally disabled because mixed derived rows lack consent epoch/provenance","Both optional switches checked, then explicit provenance-unavailable throw","Returns 503 before any downstream/Prisma optional IO","Remains unavailable after withdrawal/re-consent","ZERO optional DB access from route (assertDiagnosticsAvailable is first statement)","diagnostics.controller.spec.ts; diagnostics-summary.spec.ts"
"apps/server/src/recommendation/diagnostics.controller.ts#RecommendationDiagnosticsController.getGovernance","recommendation diagnostics consumer","optional","Entire diagnostics surface intentionally disabled because mixed derived rows lack consent epoch/provenance","Both optional switches checked, then explicit provenance-unavailable throw","Returns 503 before any downstream/Prisma optional IO","Remains unavailable after withdrawal/re-consent","ZERO optional DB access from route (assertDiagnosticsAvailable is first statement)","diagnostics.controller.spec.ts; diagnostics-summary.spec.ts"
"apps/server/src/recommendation/diagnostics.controller.ts#RecommendationDiagnosticsController.getReport","recommendation diagnostics consumer","optional","Entire diagnostics surface intentionally disabled because mixed derived rows lack consent epoch/provenance","Both optional switches checked, then explicit provenance-unavailable throw","Returns 503 before any downstream/Prisma optional IO","Remains unavailable after withdrawal/re-consent","ZERO optional DB access from route (assertDiagnosticsAvailable is first statement)","diagnostics.controller.spec.ts; diagnostics-summary.spec.ts"
"apps/server/src/recommendation/diagnostics.controller.ts#RecommendationDiagnosticsController.getReviewReport","recommendation diagnostics consumer","optional","Entire diagnostics surface intentionally disabled because mixed derived rows lack consent epoch/provenance","Both optional switches checked, then explicit provenance-unavailable throw","Returns 503 before any downstream/Prisma optional IO","Remains unavailable after withdrawal/re-consent","ZERO optional DB access from route (assertDiagnosticsAvailable is first statement)","diagnostics.controller.spec.ts; diagnostics-summary.spec.ts"
"apps/server/src/admin/admin-users.service.ts#AdminUsersService.list","admin user roster + optional activity consumer","mixed","GAP: role auth only; no optional runtime/current-consent population for event/favorite/meal-plan counts or last activity","GAP: no optional switch","GAP: reads optional counts/UserEvent while OFF","GAP: withdrawn users' historical activity remains exposed","READ User with event/favorite/mealPlan counts; GROUP UserEvent","admin-users.service.spec.ts; GAP: optional boundary test absent"
"apps/server/src/admin/admin-users.service.ts#AdminUsersService.detail","admin user dossier consumer","mixed_sensitive","GAP: role auth/audit only; optional budget/cuisines/healthGoals/counts/recent UserEvent have no current-purpose gate","GAP: no optional switch","GAP: exposes optional-derived/user behavior data while OFF","GAP: withdrawal/re-consent does not filter old dossier activity","READ UserPreference/UserAllergy/Cuisine/HealthGoal/UserEvent/Session counts","admin-users.service.spec.ts; GAP: optional boundary test absent"
"apps/server/src/experimentation/experiment-engine.service.ts#ExperimentEngine.getWeights","personalized experiment assignment consumer/producer","optional","Current analytics+personalization max grant epoch required; existing assignment.createdAt must be at/after epoch; expected caller epoch must match","Both optional switches via ConsentService.currentGrantEpoch","Returns null before Experiment/ExperimentAssignment IO","Rechecks after read and before/after create; deletes only newly-created assignment if epoch changes; GAP: final-check race and compensating-delete failure remain","READ Experiment/ExperimentAssignment; CREATE/targeted DELETE ExperimentAssignment","experiment-engine.service.spec.ts epoch/read/write/compensation cases"
"apps/server/src/recommendation/pipeline/recipe-prior.service.ts#RecipePriorService.valuesForSlate","learned recommendation prior consumer","optional","GAP: no analytics/personalization consent or grant epoch; reads person/cohort/population prior plus user facets when L1 flag enabled","L1_RECIPE_PRIOR_ENABLED default OFF only; no canonical optional switches","Returns null while L1 flag OFF/empty/adapter absent; if enabled while optional runtimes OFF it still reads","GAP: withdrawn/re-granted user can consume old person/cohort priors; source contract has no evidence timestamp, so frozen RankingService currently refuses to consume it","READ User preferences + RecipePrior","recipe-prior.service.spec.ts covers L1 flag/read math; GAP: consent/epoch tests absent"
"apps/server/src/recommendation/pipeline/recipe-prior-learner.service.ts#RecipePriorLearnerService.scheduled/refresh","population/cohort/person recommendation prior producer","optional","GAP: scheduled path has L1 flag only; public refresh has no runtime/current-consent population/provenance/epoch gate","L1_RECIPE_PRIOR_LEARN_ENABLED default OFF on scheduled only; no analytics/personalization switches","Scheduled OFF no-ops; GAP: direct refresh still reads/writes optional populations","GAP: withdrawal/re-grant does not exclude old served/attribution/cook/user-facet rows; no final consent recheck and person priors persist","READ RecommendationServedItem/Attribution/UserEvent/User preferences; UPSERT RecipePrior","recipe-prior-learner.service.spec.ts covers math only; GAP: runtime/consent/epoch tests absent"
"apps/server/src/admin/admin-users.service.ts#stats/reveal/sessions","admin core/security consumer","required_operational","Role-authorized and audited admin action","No optional switch","Core account/security operations remain available","Withdrawal irrelevant; PII access audit remains required","READ User/UserSession; no optional behavior needed","admin-users.service.spec.ts; admin controller audit tests"
"apps/server/src/admin/admin-users.service.ts#export/remove","legal export/erasure owner","required_legal","Audited admin legal workflow; data-subject/controller authority","No optional switch","Export/erasure remain available regardless optional choice","Export shows retained own data; erase cascades optional state","CALL UserExportService/ErasureService","admin-users.service.spec.ts; export/erasure service specs"
